gen_model,family,profile,distance
reasoner,dialectical,amount,0.0439154236736109
reasoner,dialectical,amount,0.15583984080176333
reasoner,dialectical,amount,0.09284883170566152
reasoner,dialectical,amount,0.09723811410732439
reasoner,dialectical,amount,0.038930572657920624
reasoner,dialectical,amount,0.11887971749637971
reasoner,dialectical,amount,0.033911547095393575
reasoner,dialectical,amount,0.13563324249911912
reasoner,dialectical,amount,0.13409503149614507
reasoner,dialectical,amount,0.07968558832722471
reasoner,dialectical,amount,0.08051486388341626
reasoner,dialectical,amount,0.10832493612577618
reasoner,dialectical,amount,0.05355757048732975
reasoner,dialectical,amount,0.2098040942547622
reasoner,dialectical,amount,0.07316935926383479
reasoner,dialectical,amount,0.17728560382695877
reasoner,dialectical,amount,0.049163786125227524
reasoner,dialectical,amount,0.14644000143443076
reasoner,dialectical,amount,0.16054916727494073
reasoner,dialectical,amount,0.06128135222333349
reasoner,dialectical,amount,0.1683656926761587
reasoner,dialectical,amount,0.08716658049773453
reasoner,dialectical,amount,0.11654371336943214
reasoner,dialectical,amount,0.03979481570126857
reasoner,dialectical,amount,0.09136314156536776
reasoner,dialectical,amount,0.13466592197035307
reasoner,dialectical,amount,0.04775326547199473
reasoner,dialectical,amount,0.11165438708956012
reasoner,dialectical,three_phase_shape,0.0893723823861423
reasoner,dialectical,three_phase_shape,0.2939357211587165
reasoner,dialectical,three_phase_shape,0.16584050456955882
reasoner,dialectical,three_phase_shape,0.22804983447110047
reasoner,dialectical,three_phase_shape,0.09229385532482687
reasoner,dialectical,three_phase_shape,0.2312506218304266
reasoner,dialectical,three_phase_shape,0.11498049536461662
reasoner,dialectical,three_phase_shape,0.25723454898228026
reasoner,dialectical,three_phase_shape,0.23286585533782347
reasoner,dialectical,three_phase_shape,0.1835550760196444
reasoner,dialectical,three_phase_shape,0.14175298967787822
reasoner,dialectical,three_phase_shape,0.20421049991241713
reasoner,dialectical,three_phase_shape,0.10855702518724436
reasoner,dialectical,three_phase_shape,0.3773185882535708
reasoner,dialectical,three_phase_shape,0.16963820948543454
reasoner,dialectical,three_phase_shape,0.3267172482204749
reasoner,dialectical,three_phase_shape,0.11507627774623018
reasoner,dialectical,three_phase_shape,0.2822197307411152
reasoner,dialectical,three_phase_shape,0.3006649871723429
reasoner,dialectical,three_phase_shape,0.11135586136882922
reasoner,dialectical,three_phase_shape,0.30297379705478117
reasoner,dialectical,three_phase_shape,0.16244116178613718
reasoner,dialectical,three_phase_shape,0.23204547225553768
reasoner,dialectical,three_phase_shape,0.1169959842334164
reasoner,dialectical,three_phase_shape,0.1824599725935095
reasoner,dialectical,three_phase_shape,0.2509833159962501
reasoner,dialectical,three_phase_shape,0.09681010235114378
reasoner,dialectical,three_phase_shape,0.2107817878433853
reasoner,sot_core,amount,0.043605280242196176
reasoner,sot_core,amount,0.14121605036182586
reasoner,sot_core,amount,0.09248987387454818
reasoner,sot_core,amount,0.08786581575911784
reasoner,sot_core,amount,0.03887894760996206
reasoner,sot_core,amount,0.09892712551836705
reasoner,sot_core,amount,0.03002885953830535
reasoner,sot_core,amount,0.11549187149560221
reasoner,sot_core,amount,0.13406265487868915
reasoner,sot_core,amount,0.06444991801150997
reasoner,sot_core,amount,0.0801910121729888
reasoner,sot_core,amount,0.08169714286471483
reasoner,sot_core,amount,0.052508941135640946
reasoner,sot_core,amount,0.19629559215698567
reasoner,sot_core,amount,0.06903113736087177
reasoner,sot_core,amount,0.1653671096429727
reasoner,sot_core,amount,0.04916378437799267
reasoner,sot_core,amount,0.12155388570571156
reasoner,sot_core,amount,0.15262763293634773
reasoner,sot_core,amount,0.06043313187009277
reasoner,sot_core,amount,0.15119281139419594
reasoner,sot_core,amount,0.08683464885199316
reasoner,sot_core,amount,0.10959255923970711
reasoner,sot_core,amount,0.03153623404451168
reasoner,sot_core,amount,0.0710743764802218
reasoner,sot_core,amount,0.11852987277525778
reasoner,sot_core,amount,0.04432762693099775
reasoner,sot_core,amount,0.07612643597443172
reasoner,sot_core,three_phase_shape,0.08890757958992108
reasoner,sot_core,three_phase_shape,0.26558369750085337
reasoner,sot_core,three_phase_shape,0.1647793244353057
reasoner,sot_core,three_phase_shape,0.21030858752025844
reasoner,sot_core,three_phase_shape,0.0902511078023987
reasoner,sot_core,three_phase_shape,0.1976148996679492
reasoner,sot_core,three_phase_shape,0.11122644459226265
reasoner,sot_core,three_phase_shape,0.21941854410419348
reasoner,sot_core,three_phase_shape,0.23240985641520667
reasoner,sot_core,three_phase_shape,0.15619040173377605
reasoner,sot_core,three_phase_shape,0.13974959339139603
reasoner,sot_core,three_phase_shape,0.15870956707769762
reasoner,sot_core,three_phase_shape,0.10638466434370976
reasoner,sot_core,three_phase_shape,0.35003444776887016
reasoner,sot_core,three_phase_shape,0.15076745303209899
reasoner,sot_core,three_phase_shape,0.3034566231451214
reasoner,sot_core,three_phase_shape,0.10977950634067453
reasoner,sot_core,three_phase_shape,0.23709728572223157
reasoner,sot_core,three_phase_shape,0.2851949935452973
reasoner,sot_core,three_phase_shape,0.1092163881934036
reasoner,sot_core,three_phase_shape,0.27023825309624355
reasoner,sot_core,three_phase_shape,0.16188817083238294
reasoner,sot_core,three_phase_shape,0.2191904608862825
reasoner,sot_core,three_phase_shape,0.0787601813986841
reasoner,sot_core,three_phase_shape,0.14690598354784581
reasoner,sot_core,three_phase_shape,0.22034562645565775
reasoner,sot_core,three_phase_shape,0.09068263647995671
reasoner,sot_core,three_phase_shape,0.14908265216976724
reasoner,executive,amount,0.039270545439945743
reasoner,executive,amount,0.08516025256716471
reasoner,executive,amount,0.09164917465802445
reasoner,executive,amount,0.17369731029484856
reasoner,executive,amount,0.056404668209164656
reasoner,executive,amount,0.16128627504416562
reasoner,executive,amount,0.0975146705599583
reasoner,executive,amount,0.08731816850670761
reasoner,executive,amount,0.12277303816932167
reasoner,executive,amount,0.17694726137307282
reasoner,executive,amount,0.06792602244334534
reasoner,executive,amount,0.16541281935648894
reasoner,executive,amount,0.08407614279182109
reasoner,executive,amount,0.08399750096165838
reasoner,executive,amount,0.10240140291279255
reasoner,executive,amount,0.1355053096552226
reasoner,executive,amount,0.08637705226268179
reasoner,executive,amount,0.07126064457676863
reasoner,executive,amount,0.1330593868856083
reasoner,executive,amount,0.1306045856350331
reasoner,executive,amount,0.1198018821748937
reasoner,executive,amount,0.12530647288666164
reasoner,executive,amount,0.21070978417693964
reasoner,executive,amount,0.01979556355260189
reasoner,executive,amount,0.1095980209667025
reasoner,executive,amount,0.2018939192615045
reasoner,executive,amount,0.12191547570501021
reasoner,executive,amount,0.10487103436908873
reasoner,executive,three_phase_shape,0.07222607327465384
reasoner,executive,three_phase_shape,0.15256267347684133
reasoner,executive,three_phase_shape,0.18853705888994507
reasoner,executive,three_phase_shape,0.3089856044717233
reasoner,executive,three_phase_shape,0.12141954687086834
reasoner,executive,three_phase_shape,0.28689280448203947
reasoner,executive,three_phase_shape,0.17604749935926553
reasoner,executive,three_phase_shape,0.15407219079356024
reasoner,executive,three_phase_shape,0.2302894205418956
reasoner,executive,three_phase_shape,0.31527145729534606
reasoner,executive,three_phase_shape,0.13567495345727815
reasoner,executive,three_phase_shape,0.29164706963216586
reasoner,executive,three_phase_shape,0.14909691110208098
reasoner,executive,three_phase_shape,0.1689507334526401
reasoner,executive,three_phase_shape,0.19952832343371057
reasoner,executive,three_phase_shape,0.24657325400558033
reasoner,executive,three_phase_shape,0.16273136023715778
reasoner,executive,three_phase_shape,0.13081833043731725
reasoner,executive,three_phase_shape,0.2714438496734216
reasoner,executive,three_phase_shape,0.24006313921786132
reasoner,executive,three_phase_shape,0.2356022786527108
reasoner,executive,three_phase_shape,0.23346843859861693
reasoner,executive,three_phase_shape,0.38826204832612976
reasoner,executive,three_phase_shape,0.06570862717647906
reasoner,executive,three_phase_shape,0.20476694300449663
reasoner,executive,three_phase_shape,0.3698589827801194
reasoner,executive,three_phase_shape,0.22884082905281783
reasoner,executive,three_phase_shape,0.18541620368747047
gemma4_e4b,dialectical,amount,0.07467881940860237
gemma4_e4b,dialectical,amount,0.2187802995913033
gemma4_e4b,dialectical,amount,0.056844747103764595
gemma4_e4b,dialectical,amount,0.08140708417057327
gemma4_e4b,dialectical,amount,0.06313666055513811
gemma4_e4b,dialectical,amount,0.056343394795219846
gemma4_e4b,dialectical,amount,0.06763270564388354
gemma4_e4b,dialectical,amount,0.18003604234028603
gemma4_e4b,dialectical,amount,0.04368192467792634
gemma4_e4b,dialectical,amount,0.0920130034412309
gemma4_e4b,dialectical,amount,0.07913818879722043
gemma4_e4b,dialectical,amount,0.018998434465373037
gemma4_e4b,dialectical,amount,0.008581183962176811
gemma4_e4b,dialectical,amount,0.18689117565309132
gemma4_e4b,dialectical,amount,0.1513138646585461
gemma4_e4b,dialectical,amount,0.16132787410121946
gemma4_e4b,dialectical,amount,0.18617903597936428
gemma4_e4b,dialectical,amount,0.1797506155081246
gemma4_e4b,dialectical,amount,0.08556476259055261
gemma4_e4b,dialectical,amount,0.06514084693234289
gemma4_e4b,dialectical,amount,0.03771808262938946
gemma4_e4b,dialectical,amount,0.03929169569929388
gemma4_e4b,dialectical,amount,0.02347975274595847
gemma4_e4b,dialectical,amount,0.08101572703090437
gemma4_e4b,dialectical,amount,0.08612767207431257
gemma4_e4b,dialectical,amount,0.06664599979317343
gemma4_e4b,dialectical,amount,0.07233134715201439
gemma4_e4b,dialectical,amount,0.012677064124012937
gemma4_e4b,dialectical,three_phase_shape,0.14497208840175052
gemma4_e4b,dialectical,three_phase_shape,0.44712198006279164
gemma4_e4b,dialectical,three_phase_shape,0.10814077403741798
gemma4_e4b,dialectical,three_phase_shape,0.16642201372582185
gemma4_e4b,dialectical,three_phase_shape,0.1298385194179206
gemma4_e4b,dialectical,three_phase_shape,0.19124864010165907
gemma4_e4b,dialectical,three_phase_shape,0.14201787801348534
gemma4_e4b,dialectical,three_phase_shape,0.3767255890642668
gemma4_e4b,dialectical,three_phase_shape,0.08435987042262502
gemma4_e4b,dialectical,three_phase_shape,0.17663431405549493
gemma4_e4b,dialectical,three_phase_shape,0.14925878523151503
gemma4_e4b,dialectical,three_phase_shape,0.14029133181836112
gemma4_e4b,dialectical,three_phase_shape,0.05205293140905826
gemma4_e4b,dialectical,three_phase_shape,0.3870432368763222
gemma4_e4b,dialectical,three_phase_shape,0.3535145759909199
gemma4_e4b,dialectical,three_phase_shape,0.3666309050256209
gemma4_e4b,dialectical,three_phase_shape,0.42625188292689725
gemma4_e4b,dialectical,three_phase_shape,0.38395806223736045
gemma4_e4b,dialectical,three_phase_shape,0.16344955696056324
gemma4_e4b,dialectical,three_phase_shape,0.12169945045804632
gemma4_e4b,dialectical,three_phase_shape,0.15744095450641155
gemma4_e4b,dialectical,three_phase_shape,0.0894229460880339
gemma4_e4b,dialectical,three_phase_shape,0.07204141131020075
gemma4_e4b,dialectical,three_phase_shape,0.18873368412764965
gemma4_e4b,dialectical,three_phase_shape,0.1758212676967255
gemma4_e4b,dialectical,three_phase_shape,0.16727636477734178
gemma4_e4b,dialectical,three_phase_shape,0.13562720167997144
gemma4_e4b,dialectical,three_phase_shape,0.11609873655973174
gemma4_e4b,sot_core,amount,0.07434848361123426
gemma4_e4b,sot_core,amount,0.12941568642866239
gemma4_e4b,sot_core,amount,0.05620344464951692
gemma4_e4b,sot_core,amount,0.020123236229874778
gemma4_e4b,sot_core,amount,0.017793959745679527
gemma4_e4b,sot_core,amount,0.05581957275998459
gemma4_e4b,sot_core,amount,0.06698948088429338
gemma4_e4b,sot_core,amount,0.06101385914632426
gemma4_e4b,sot_core,amount,0.04365622320145257
gemma4_e4b,sot_core,amount,0.057462190102161984
gemma4_e4b,sot_core,amount,0.058258677302920336
gemma4_e4b,sot_core,amount,0.018987355066659103
gemma4_e4b,sot_core,amount,0.00827021612818679
gemma4_e4b,sot_core,amount,0.08211778640992928
gemma4_e4b,sot_core,amount,0.1156986878708927
gemma4_e4b,sot_core,amount,0.11230387356583399
gemma4_e4b,sot_core,amount,0.07868732985452147
gemma4_e4b,sot_core,amount,0.06625890556793837
gemma4_e4b,sot_core,amount,0.048681971744733814
gemma4_e4b,sot_core,amount,0.039150990669603786
gemma4_e4b,sot_core,amount,0.03770851500695877
gemma4_e4b,sot_core,amount,0.039283734522053616
gemma4_e4b,sot_core,amount,0.014706615250925655
gemma4_e4b,sot_core,amount,0.0386248601972437
gemma4_e4b,sot_core,amount,0.05076676044268944
gemma4_e4b,sot_core,amount,0.04052138909512016
gemma4_e4b,sot_core,amount,0.05101983142491156
gemma4_e4b,sot_core,amount,0.012570480279963901
gemma4_e4b,sot_core,three_phase_shape,0.1443296491521626
gemma4_e4b,sot_core,three_phase_shape,0.3145343474415033
gemma4_e4b,sot_core,three_phase_shape,0.10589805767203425
gemma4_e4b,sot_core,three_phase_shape,0.06925441777726105
gemma4_e4b,sot_core,three_phase_shape,0.06557810405932314
gemma4_e4b,sot_core,three_phase_shape,0.18877199405004186
gemma4_e4b,sot_core,three_phase_shape,0.14098287267017148
gemma4_e4b,sot_core,three_phase_shape,0.21759956590766233
gemma4_e4b,sot_core,three_phase_shape,0.08341431516679618
gemma4_e4b,sot_core,three_phase_shape,0.10977374663943111
gemma4_e4b,sot_core,three_phase_shape,0.11206525519225494
gemma4_e4b,sot_core,three_phase_shape,0.13773354591501946
gemma4_e4b,sot_core,three_phase_shape,0.050689287934134394
gemma4_e4b,sot_core,three_phase_shape,0.2398600141169943
gemma4_e4b,sot_core,three_phase_shape,0.2903779381640631
gemma4_e4b,sot_core,three_phase_shape,0.2848300984304644
gemma4_e4b,sot_core,three_phase_shape,0.29986770137354435
gemma4_e4b,sot_core,three_phase_shape,0.2365407619956083
gemma4_e4b,sot_core,three_phase_shape,0.09731907275643374
gemma4_e4b,sot_core,three_phase_shape,0.0772041437254407
gemma4_e4b,sot_core,three_phase_shape,0.15663910685418544
gemma4_e4b,sot_core,three_phase_shape,0.08674471301090139
gemma4_e4b,sot_core,three_phase_shape,0.053995847304492244
gemma4_e4b,sot_core,three_phase_shape,0.1351054111056164
gemma4_e4b,sot_core,three_phase_shape,0.10695106323167444
gemma4_e4b,sot_core,three_phase_shape,0.13484648178495204
gemma4_e4b,sot_core,three_phase_shape,0.09254097565123026
gemma4_e4b,sot_core,three_phase_shape,0.11122149698058892
gemma4_e4b,executive,amount,0.0925704105350253
gemma4_e4b,executive,amount,0.17114314898916078
gemma4_e4b,executive,amount,0.16881353904176696
gemma4_e4b,executive,amount,0.2464777825063271
gemma4_e4b,executive,amount,0.14619402706146237
gemma4_e4b,executive,amount,0.27627426464080423
gemma4_e4b,executive,amount,0.05740222824434022
gemma4_e4b,executive,amount,0.09621347071455182
gemma4_e4b,executive,amount,0.08778973888620735
gemma4_e4b,executive,amount,0.16548924494997824
gemma4_e4b,executive,amount,0.1088452669205769
gemma4_e4b,executive,amount,0.2312507745822634
gemma4_e4b,executive,amount,0.04331444187567878
gemma4_e4b,executive,amount,0.017850932428672295
gemma4_e4b,executive,amount,0.07621722246539443
gemma4_e4b,executive,amount,0.18545905332473764
gemma4_e4b,executive,amount,0.1519851676032843
gemma4_e4b,executive,amount,0.11792346240876818
gemma4_e4b,executive,amount,0.07997796631592456
gemma4_e4b,executive,amount,0.17063369042510926
gemma4_e4b,executive,amount,0.16865873741282733
gemma4_e4b,executive,amount,0.1149886124699943
gemma4_e4b,executive,amount,0.23844628936513113
gemma4_e4b,executive,amount,0.13992161498240133
gemma4_e4b,executive,amount,0.19209507843197357
gemma4_e4b,executive,amount,0.3336087312187339
gemma4_e4b,executive,amount,0.1342347189121054
gemma4_e4b,executive,amount,0.2323458055832728
gemma4_e4b,executive,three_phase_shape,0.2103325874437405
gemma4_e4b,executive,three_phase_shape,0.31115960018978345
gemma4_e4b,executive,three_phase_shape,0.35059073173169464
gemma4_e4b,executive,three_phase_shape,0.5121697342113614
gemma4_e4b,executive,three_phase_shape,0.2917107018375838
gemma4_e4b,executive,three_phase_shape,0.5243898088427057
gemma4_e4b,executive,three_phase_shape,0.1389262397541391
gemma4_e4b,executive,three_phase_shape,0.2158521686996923
gemma4_e4b,executive,three_phase_shape,0.17304864982966783
gemma4_e4b,executive,three_phase_shape,0.32745613355129294
gemma4_e4b,executive,three_phase_shape,0.19960586490889187
gemma4_e4b,executive,three_phase_shape,0.4293190715530781
gemma4_e4b,executive,three_phase_shape,0.1036657244734659
gemma4_e4b,executive,three_phase_shape,0.18835961291347575
gemma4_e4b,executive,three_phase_shape,0.29083571462550806
gemma4_e4b,executive,three_phase_shape,0.33750270400606874
gemma4_e4b,executive,three_phase_shape,0.35350592870059244
gemma4_e4b,executive,three_phase_shape,0.23141407715976503
gemma4_e4b,executive,three_phase_shape,0.2062047439362444
gemma4_e4b,executive,three_phase_shape,0.3146514128290405
gemma4_e4b,executive,three_phase_shape,0.3417833645922371
gemma4_e4b,executive,three_phase_shape,0.2500046052990341
gemma4_e4b,executive,three_phase_shape,0.44713082111563834
gemma4_e4b,executive,three_phase_shape,0.29307085400852695
gemma4_e4b,executive,three_phase_shape,0.38979068895784275
gemma4_e4b,executive,three_phase_shape,0.610446326135847
gemma4_e4b,executive,three_phase_shape,0.25002792423679704
gemma4_e4b,executive,three_phase_shape,0.4361153886286216
gemma4_31b,dialectical,amount,0.07924859088652143
gemma4_31b,dialectical,amount,0.2512832783280278
gemma4_31b,dialectical,amount,0.026187714695531744
gemma4_31b,dialectical,amount,0.22921960079626616
gemma4_31b,dialectical,amount,0.09757105587265738
gemma4_31b,dialectical,amount,0.08782667631851598
gemma4_31b,dialectical,amount,0.06662033521352943
gemma4_31b,dialectical,amount,0.18002379001027882
gemma4_31b,dialectical,amount,0.09042691870925604
gemma4_31b,dialectical,amount,0.1742581926037486
gemma4_31b,dialectical,amount,0.07616937869501787
gemma4_31b,dialectical,amount,0.10038113902913266
gemma4_31b,dialectical,amount,0.025627008931881915
gemma4_31b,dialectical,amount,0.26058677471981584
gemma4_31b,dialectical,amount,0.09038486356105524
gemma4_31b,dialectical,amount,0.21700315118830782
gemma4_31b,dialectical,amount,0.20984423296450783
gemma4_31b,dialectical,amount,0.1872651582710882
gemma4_31b,dialectical,amount,0.23930359503389512
gemma4_31b,dialectical,amount,0.08683934540342055
gemma4_31b,dialectical,amount,0.09425503072917163
gemma4_31b,dialectical,amount,0.08259925876784353
gemma4_31b,dialectical,amount,0.2186957384340375
gemma4_31b,dialectical,amount,0.16875499975656566
gemma4_31b,dialectical,amount,0.1724173650174877
gemma4_31b,dialectical,amount,0.13022756777466438
gemma4_31b,dialectical,amount,0.0919722310138862
gemma4_31b,dialectical,amount,0.08121093878877349
gemma4_31b,dialectical,three_phase_shape,0.14145127338674016
gemma4_31b,dialectical,three_phase_shape,0.5539898077616487
gemma4_31b,dialectical,three_phase_shape,0.07457145925197363
gemma4_31b,dialectical,three_phase_shape,0.4128272866193836
gemma4_31b,dialectical,three_phase_shape,0.1736659364114134
gemma4_31b,dialectical,three_phase_shape,0.1755929550056177
gemma4_31b,dialectical,three_phase_shape,0.12381537845826596
gemma4_31b,dialectical,three_phase_shape,0.4577707178600152
gemma4_31b,dialectical,three_phase_shape,0.16469553466230694
gemma4_31b,dialectical,three_phase_shape,0.31434628459363423
gemma4_31b,dialectical,three_phase_shape,0.13450034078562934
gemma4_31b,dialectical,three_phase_shape,0.19641283529271655
gemma4_31b,dialectical,three_phase_shape,0.05342936383213387
gemma4_31b,dialectical,three_phase_shape,0.5793762545050346
gemma4_31b,dialectical,three_phase_shape,0.38084149798250966
gemma4_31b,dialectical,three_phase_shape,0.5169584943561191
gemma4_31b,dialectical,three_phase_shape,0.5328425186242137
gemma4_31b,dialectical,three_phase_shape,0.4672724367718696
gemma4_31b,dialectical,three_phase_shape,0.4314839410618121
gemma4_31b,dialectical,three_phase_shape,0.1607054556985894
gemma4_31b,dialectical,three_phase_shape,0.1870222972107909
gemma4_31b,dialectical,three_phase_shape,0.15590782125330543
gemma4_31b,dialectical,three_phase_shape,0.3875707425070407
gemma4_31b,dialectical,three_phase_shape,0.3160542299528703
gemma4_31b,dialectical,three_phase_shape,0.3078535637468991
gemma4_31b,dialectical,three_phase_shape,0.237553461614932
gemma4_31b,dialectical,three_phase_shape,0.16255130717571473
gemma4_31b,dialectical,three_phase_shape,0.15809559944181592
gemma4_31b,sot_core,amount,0.06382664704350025
gemma4_31b,sot_core,amount,0.23019357821730194
gemma4_31b,sot_core,amount,0.022516574519796096
gemma4_31b,sot_core,amount,0.22639318334837263
gemma4_31b,sot_core,amount,0.020610865880292328
gemma4_31b,sot_core,amount,0.08617599811886945
gemma4_31b,sot_core,amount,0.06275801852850509
gemma4_31b,sot_core,amount,0.1717984193435477
gemma4_31b,sot_core,amount,0.08395206718357116
gemma4_31b,sot_core,amount,0.1739050641295423
gemma4_31b,sot_core,amount,0.0588184422347247
gemma4_31b,sot_core,amount,0.07739817034847167
gemma4_31b,sot_core,amount,0.007115373025493144
gemma4_31b,sot_core,amount,0.24549405135613192
gemma4_31b,sot_core,amount,0.06292571419652206
gemma4_31b,sot_core,amount,0.21693598357807017
gemma4_31b,sot_core,amount,0.1737170571351182
gemma4_31b,sot_core,amount,0.1700572557288287
gemma4_31b,sot_core,amount,0.23824220170511035
gemma4_31b,sot_core,amount,0.02859113321561442
gemma4_31b,sot_core,amount,0.08924546665031138
gemma4_31b,sot_core,amount,0.08210940805923138
gemma4_31b,sot_core,amount,0.21045064789698012
gemma4_31b,sot_core,amount,0.1602714410476285
gemma4_31b,sot_core,amount,0.17188557838645085
gemma4_31b,sot_core,amount,0.06590997800592326
gemma4_31b,sot_core,amount,0.05592542973630033
gemma4_31b,sot_core,amount,0.07106757253099255
gemma4_31b,sot_core,three_phase_shape,0.11427036074388029
gemma4_31b,sot_core,three_phase_shape,0.492046144276823
gemma4_31b,sot_core,three_phase_shape,0.06412856475749897
gemma4_31b,sot_core,three_phase_shape,0.4057662519030121
gemma4_31b,sot_core,three_phase_shape,0.04745062846520784
gemma4_31b,sot_core,three_phase_shape,0.16799876202259428
gemma4_31b,sot_core,three_phase_shape,0.11751862991769368
gemma4_31b,sot_core,three_phase_shape,0.4109463578761242
gemma4_31b,sot_core,three_phase_shape,0.15276678815608355
gemma4_31b,sot_core,three_phase_shape,0.310770696319762
gemma4_31b,sot_core,three_phase_shape,0.10300850369746145
gemma4_31b,sot_core,three_phase_shape,0.15149384208440908
gemma4_31b,sot_core,three_phase_shape,0.023956719818025055
gemma4_31b,sot_core,three_phase_shape,0.5355650033218198
gemma4_31b,sot_core,three_phase_shape,0.2884366154810416
gemma4_31b,sot_core,three_phase_shape,0.4764875759714834
gemma4_31b,sot_core,three_phase_shape,0.44255718982062214
gemma4_31b,sot_core,three_phase_shape,0.40549659008771677
gemma4_31b,sot_core,three_phase_shape,0.4252346159097452
gemma4_31b,sot_core,three_phase_shape,0.06283314190906207
gemma4_31b,sot_core,three_phase_shape,0.1646528434043111
gemma4_31b,sot_core,three_phase_shape,0.15119504760120508
gemma4_31b,sot_core,three_phase_shape,0.3730721268945369
gemma4_31b,sot_core,three_phase_shape,0.29736683324955143
gemma4_31b,sot_core,three_phase_shape,0.3039916792587957
gemma4_31b,sot_core,three_phase_shape,0.12664521278620178
gemma4_31b,sot_core,three_phase_shape,0.0989486300102286
gemma4_31b,sot_core,three_phase_shape,0.13780422616127394
gemma4_31b,executive,amount,0.08344887612417147
gemma4_31b,executive,amount,0.092442494890824
gemma4_31b,executive,amount,0.023162896729584843
gemma4_31b,executive,amount,0.22443953382869075
gemma4_31b,executive,amount,0.14592806455733406
gemma4_31b,executive,amount,0.14275550288171343
gemma4_31b,executive,amount,0.054656712290294146
gemma4_31b,executive,amount,0.08454157794552554
gemma4_31b,executive,amount,0.070936463307142
gemma4_31b,executive,amount,0.3032574901449333
gemma4_31b,executive,amount,0.07517372609685614
gemma4_31b,executive,amount,0.21018771259790364
gemma4_31b,executive,amount,0.043832324176895525
gemma4_31b,executive,amount,0.08563044928202654
gemma4_31b,executive,amount,0.2582014047989698
gemma4_31b,executive,amount,0.1283347838722945
gemma4_31b,executive,amount,0.2248602316669757
gemma4_31b,executive,amount,0.09923899980424226
gemma4_31b,executive,amount,0.23882594769016544
gemma4_31b,executive,amount,0.1261203930719423
gemma4_31b,executive,amount,0.16305558426426223
gemma4_31b,executive,amount,0.052401555638493566
gemma4_31b,executive,amount,0.3589870981412555
gemma4_31b,executive,amount,0.20069345716107417
gemma4_31b,executive,amount,0.2764341863327767
gemma4_31b,executive,amount,0.27611537264178476
gemma4_31b,executive,amount,0.11377697728720293
gemma4_31b,executive,amount,0.1668997305770633
gemma4_31b,executive,three_phase_shape,0.15290481941457043
gemma4_31b,executive,three_phase_shape,0.2123293297840619
gemma4_31b,executive,three_phase_shape,0.14817531984019733
gemma4_31b,executive,three_phase_shape,0.43824791065702967
gemma4_31b,executive,three_phase_shape,0.26239926741380526
gemma4_31b,executive,three_phase_shape,0.2755188586397439
gemma4_31b,executive,three_phase_shape,0.10519087859527601
gemma4_31b,executive,three_phase_shape,0.19406427409512425
gemma4_31b,executive,three_phase_shape,0.1793844957078272
gemma4_31b,executive,three_phase_shape,0.5636830839864301
gemma4_31b,executive,three_phase_shape,0.13440866792338818
gemma4_31b,executive,three_phase_shape,0.389624752733457
gemma4_31b,executive,three_phase_shape,0.07910759444879599
gemma4_31b,executive,three_phase_shape,0.2533064358353072
gemma4_31b,executive,three_phase_shape,0.5253808644254064
gemma4_31b,executive,three_phase_shape,0.2638343352251483
gemma4_31b,executive,three_phase_shape,0.4421413568891115
gemma4_31b,executive,three_phase_shape,0.21612652830086268
gemma4_31b,executive,three_phase_shape,0.4984961063658381
gemma4_31b,executive,three_phase_shape,0.2449578081713978
gemma4_31b,executive,three_phase_shape,0.3640120066006348
gemma4_31b,executive,three_phase_shape,0.14633495844721633
gemma4_31b,executive,three_phase_shape,0.6600958567066209
gemma4_31b,executive,three_phase_shape,0.3635621485473156
gemma4_31b,executive,three_phase_shape,0.5220299194507751
gemma4_31b,executive,three_phase_shape,0.5051570951854668
gemma4_31b,executive,three_phase_shape,0.2007490920751468
gemma4_31b,executive,three_phase_shape,0.32125660218976715
qwen35_4b,dialectical,amount,0.09427554396526483
qwen35_4b,dialectical,amount,0.23109641702640632
qwen35_4b,dialectical,amount,0.05852331429610909
qwen35_4b,dialectical,amount,0.10436117256638053
qwen35_4b,dialectical,amount,0.09686469030271605
qwen35_4b,dialectical,amount,0.06183930394508087
qwen35_4b,dialectical,amount,0.07407075026923506
qwen35_4b,dialectical,amount,0.19071642690308424
qwen35_4b,dialectical,amount,0.050344884100970676
qwen35_4b,dialectical,amount,0.05450007091548709
qwen35_4b,dialectical,amount,0.056255733845583945
qwen35_4b,dialectical,amount,0.06068164503992995
qwen35_4b,dialectical,amount,0.03607656637107804
qwen35_4b,dialectical,amount,0.22314070698849628
qwen35_4b,dialectical,amount,0.148334260704071
qwen35_4b,dialectical,amount,0.2393592308458633
qwen35_4b,dialectical,amount,0.1863205635062692
qwen35_4b,dialectical,amount,0.17645089045396672
qwen35_4b,dialectical,amount,0.07977397244946227
qwen35_4b,dialectical,amount,0.04071013318861904
qwen35_4b,dialectical,amount,0.046115510396080105
qwen35_4b,dialectical,amount,0.047670990718873596
qwen35_4b,dialectical,amount,0.09912854470746572
qwen35_4b,dialectical,amount,0.05389826479098289
qwen35_4b,dialectical,amount,0.0349677254103219
qwen35_4b,dialectical,amount,0.0774290430502068
qwen35_4b,dialectical,amount,0.07369945947632836
qwen35_4b,dialectical,amount,0.030613734283927344
qwen35_4b,dialectical,three_phase_shape,0.16579658689646368
qwen35_4b,dialectical,three_phase_shape,0.41934367740431316
qwen35_4b,dialectical,three_phase_shape,0.10657523750539571
qwen35_4b,dialectical,three_phase_shape,0.19257019379446189
qwen35_4b,dialectical,three_phase_shape,0.16880021438786655
qwen35_4b,dialectical,three_phase_shape,0.12101081796239387
qwen35_4b,dialectical,three_phase_shape,0.1394574171005867
qwen35_4b,dialectical,three_phase_shape,0.35137671048046076
qwen35_4b,dialectical,three_phase_shape,0.0880718010278991
qwen35_4b,dialectical,three_phase_shape,0.10600998497088057
qwen35_4b,dialectical,three_phase_shape,0.09928957624517058
qwen35_4b,dialectical,three_phase_shape,0.1096820251862718
qwen35_4b,dialectical,three_phase_shape,0.07185197887842158
qwen35_4b,dialectical,three_phase_shape,0.4046589308448899
qwen35_4b,dialectical,three_phase_shape,0.2752968215258292
qwen35_4b,dialectical,three_phase_shape,0.43301949321928274
qwen35_4b,dialectical,three_phase_shape,0.34737794304034164
qwen35_4b,dialectical,three_phase_shape,0.31949251337316786
qwen35_4b,dialectical,three_phase_shape,0.14628604211505672
qwen35_4b,dialectical,three_phase_shape,0.07494200297789137
qwen35_4b,dialectical,three_phase_shape,0.08531126735983224
qwen35_4b,dialectical,three_phase_shape,0.0898698303951826
qwen35_4b,dialectical,three_phase_shape,0.1819847250208698
qwen35_4b,dialectical,three_phase_shape,0.10507462420294389
qwen35_4b,dialectical,three_phase_shape,0.06456315293212002
qwen35_4b,dialectical,three_phase_shape,0.1421579697096479
qwen35_4b,dialectical,three_phase_shape,0.13699944163042257
qwen35_4b,dialectical,three_phase_shape,0.06632246299855941
qwen35_4b,sot_core,amount,0.05879348171787155
qwen35_4b,sot_core,amount,0.23082344776410404
qwen35_4b,sot_core,amount,0.01470259243752787
qwen35_4b,sot_core,amount,0.09325757852523169
qwen35_4b,sot_core,amount,0.0076672275351051845
qwen35_4b,sot_core,amount,0.0516054660034342
qwen35_4b,sot_core,amount,0.059438466227753506
qwen35_4b,sot_core,amount,0.18019583274155115
qwen35_4b,sot_core,amount,0.047369754107119036
qwen35_4b,sot_core,amount,0.04742512890804697
qwen35_4b,sot_core,amount,0.05139982825120205
qwen35_4b,sot_core,amount,0.045959013235876166
qwen35_4b,sot_core,amount,0.020770155014366718
qwen35_4b,sot_core,amount,0.2184697572705733
qwen35_4b,sot_core,amount,0.1439954351393521
qwen35_4b,sot_core,amount,0.22363212402837127
qwen35_4b,sot_core,amount,0.1849148423864247
qwen35_4b,sot_core,amount,0.17334329931033018
qwen35_4b,sot_core,amount,0.07916933071033169
qwen35_4b,sot_core,amount,0.008009769578481256
qwen35_4b,sot_core,amount,0.04021301953620456
qwen35_4b,sot_core,amount,0.04601721662833666
qwen35_4b,sot_core,amount,0.085759106886602
qwen35_4b,sot_core,amount,0.05236362401008792
qwen35_4b,sot_core,amount,0.03486760693871791
qwen35_4b,sot_core,amount,0.045722496857990416
qwen35_4b,sot_core,amount,0.05186374005397315
qwen35_4b,sot_core,amount,0.028890625044731947
qwen35_4b,sot_core,three_phase_shape,0.10444247535405543
qwen35_4b,sot_core,three_phase_shape,0.4187783283542968
qwen35_4b,sot_core,three_phase_shape,0.036332003503407984
qwen35_4b,sot_core,three_phase_shape,0.17342333942422766
qwen35_4b,sot_core,three_phase_shape,0.02224077221215739
qwen35_4b,sot_core,three_phase_shape,0.09784698208659844
qwen35_4b,sot_core,three_phase_shape,0.11414140436263114
qwen35_4b,sot_core,three_phase_shape,0.3334532625248638
qwen35_4b,sot_core,three_phase_shape,0.08257691180418066
qwen35_4b,sot_core,three_phase_shape,0.09510628715466957
qwen35_4b,sot_core,three_phase_shape,0.08961335787535052
qwen35_4b,sot_core,three_phase_shape,0.08188823520406834
qwen35_4b,sot_core,three_phase_shape,0.04981976620643488
qwen35_4b,sot_core,three_phase_shape,0.39616728418684055
qwen35_4b,sot_core,three_phase_shape,0.2670006929528227
qwen35_4b,sot_core,three_phase_shape,0.4068233865965575
qwen35_4b,sot_core,three_phase_shape,0.3422697952258254
qwen35_4b,sot_core,three_phase_shape,0.31293032743631755
qwen35_4b,sot_core,three_phase_shape,0.1452529554919246
qwen35_4b,sot_core,three_phase_shape,0.01975243846607033
qwen35_4b,sot_core,three_phase_shape,0.07321837520965681
qwen35_4b,sot_core,three_phase_shape,0.08698801331222562
qwen35_4b,sot_core,three_phase_shape,0.1589888897419011
qwen35_4b,sot_core,three_phase_shape,0.10081107550504058
qwen35_4b,sot_core,three_phase_shape,0.06428979458300167
qwen35_4b,sot_core,three_phase_shape,0.08285309115315691
qwen35_4b,sot_core,three_phase_shape,0.09981391822283489
qwen35_4b,sot_core,three_phase_shape,0.061693517658523496
qwen35_4b,executive,amount,0.055812630387468136
qwen35_4b,executive,amount,0.15484217403099446
qwen35_4b,executive,amount,0.0981490309237875
qwen35_4b,executive,amount,0.12527959844857758
qwen35_4b,executive,amount,0.09176281133797222
qwen35_4b,executive,amount,0.11763065304066532
qwen35_4b,executive,amount,0.01734348436327957
qwen35_4b,executive,amount,0.16415885422203913
qwen35_4b,executive,amount,0.07175889452043953
qwen35_4b,executive,amount,0.17421802364131447
qwen35_4b,executive,amount,0.040427916413618294
qwen35_4b,executive,amount,0.16146599204264706
qwen35_4b,executive,amount,0.04337374049229091
qwen35_4b,executive,amount,0.19701365272726806
qwen35_4b,executive,amount,0.17966313763814515
qwen35_4b,executive,amount,0.19860644584665846
qwen35_4b,executive,amount,0.18515502962999744
qwen35_4b,executive,amount,0.16431962444395604
qwen35_4b,executive,amount,0.17678089654653525
qwen35_4b,executive,amount,0.07230202074686506
qwen35_4b,executive,amount,0.15356313937841667
qwen35_4b,executive,amount,0.0836071394045252
qwen35_4b,executive,amount,0.2090404553677204
qwen35_4b,executive,amount,0.030695361640786307
qwen35_4b,executive,amount,0.1362631336451279
qwen35_4b,executive,amount,0.193421686985933
qwen35_4b,executive,amount,0.07659712179782976
qwen35_4b,executive,amount,0.12526127678567447
qwen35_4b,executive,three_phase_shape,0.10140216340539818
qwen35_4b,executive,three_phase_shape,0.280520861198949
qwen35_4b,executive,three_phase_shape,0.17367994364616832
qwen35_4b,executive,three_phase_shape,0.22332489351030216
qwen35_4b,executive,three_phase_shape,0.16331568242570627
qwen35_4b,executive,three_phase_shape,0.20462516496353836
qwen35_4b,executive,three_phase_shape,0.042598404681889544
qwen35_4b,executive,three_phase_shape,0.29740739040029496
qwen35_4b,executive,three_phase_shape,0.13232926479100524
qwen35_4b,executive,three_phase_shape,0.3044839689938544
qwen35_4b,executive,three_phase_shape,0.07152231290142558
qwen35_4b,executive,three_phase_shape,0.2834619124740471
qwen35_4b,executive,three_phase_shape,0.08264755933647751
qwen35_4b,executive,three_phase_shape,0.35885226827700945
qwen35_4b,executive,three_phase_shape,0.3294440623271443
qwen35_4b,executive,three_phase_shape,0.35795930492519384
qwen35_4b,executive,three_phase_shape,0.3344883272285976
qwen35_4b,executive,three_phase_shape,0.30431277517349176
qwen35_4b,executive,three_phase_shape,0.31256656020100304
qwen35_4b,executive,three_phase_shape,0.13261412950568832
qwen35_4b,executive,three_phase_shape,0.26689135820319393
qwen35_4b,executive,three_phase_shape,0.14581743339155973
qwen35_4b,executive,three_phase_shape,0.3637448279916941
qwen35_4b,executive,three_phase_shape,0.0815527521049377
qwen35_4b,executive,three_phase_shape,0.24182254398070974
qwen35_4b,executive,three_phase_shape,0.33833532880135
qwen35_4b,executive,three_phase_shape,0.1366650335504758
qwen35_4b,executive,three_phase_shape,0.2186351835961472
qwen35_9b,dialectical,amount,0.0865212854769763
qwen35_9b,dialectical,amount,0.17307617648520982
qwen35_9b,dialectical,amount,0.06042686155220119
qwen35_9b,dialectical,amount,0.09413798355770871
qwen35_9b,dialectical,amount,0.08993301384740267
qwen35_9b,dialectical,amount,0.05862415819498024
qwen35_9b,dialectical,amount,0.05736981775864806
qwen35_9b,dialectical,amount,0.14575920065232606
qwen35_9b,dialectical,amount,0.05039298757667755
qwen35_9b,dialectical,amount,0.05977341125623606
qwen35_9b,dialectical,amount,0.05462816224385724
qwen35_9b,dialectical,amount,0.0553371897663724
qwen35_9b,dialectical,amount,0.037418974204916924
qwen35_9b,dialectical,amount,0.1778358276971712
qwen35_9b,dialectical,amount,0.10004613168819754
qwen35_9b,dialectical,amount,0.1928138855624384
qwen35_9b,dialectical,amount,0.14262355625184137
qwen35_9b,dialectical,amount,0.13562150005853532
qwen35_9b,dialectical,amount,0.08232440245485806
qwen35_9b,dialectical,amount,0.03297414233419159
qwen35_9b,dialectical,amount,0.04253243579804858
qwen35_9b,dialectical,amount,0.0445430554093044
qwen35_9b,dialectical,amount,0.10063860371014174
qwen35_9b,dialectical,amount,0.053052405021659296
qwen35_9b,dialectical,amount,0.044276943089720966
qwen35_9b,dialectical,amount,0.06625702210273265
qwen35_9b,dialectical,amount,0.06800506778352697
qwen35_9b,dialectical,amount,0.028588591612573648
qwen35_9b,dialectical,three_phase_shape,0.15724099566699554
qwen35_9b,dialectical,three_phase_shape,0.3252949880139537
qwen35_9b,dialectical,three_phase_shape,0.1195685217415065
qwen35_9b,dialectical,three_phase_shape,0.17609479552288457
qwen35_9b,dialectical,three_phase_shape,0.16128380897239447
qwen35_9b,dialectical,three_phase_shape,0.12928743282011537
qwen35_9b,dialectical,three_phase_shape,0.12136966142102322
qwen35_9b,dialectical,three_phase_shape,0.27170727226083463
qwen35_9b,dialectical,three_phase_shape,0.08834948005453927
qwen35_9b,dialectical,three_phase_shape,0.1123044729225576
qwen35_9b,dialectical,three_phase_shape,0.09634461955350061
qwen35_9b,dialectical,three_phase_shape,0.10591554905795328
qwen35_9b,dialectical,three_phase_shape,0.07293668126034235
qwen35_9b,dialectical,three_phase_shape,0.3242013077739684
qwen35_9b,dialectical,three_phase_shape,0.1929817164861662
qwen35_9b,dialectical,three_phase_shape,0.35071436831335645
qwen35_9b,dialectical,three_phase_shape,0.269615286577499
qwen35_9b,dialectical,three_phase_shape,0.24564544656300133
qwen35_9b,dialectical,three_phase_shape,0.1495864816606179
qwen35_9b,dialectical,three_phase_shape,0.06348821026034193
qwen35_9b,dialectical,three_phase_shape,0.08280711025294228
qwen35_9b,dialectical,three_phase_shape,0.08387241892366712
qwen35_9b,dialectical,three_phase_shape,0.18257101526342115
qwen35_9b,dialectical,three_phase_shape,0.10537786653825569
qwen35_9b,dialectical,three_phase_shape,0.0808780587959103
qwen35_9b,dialectical,three_phase_shape,0.1301019690242164
qwen35_9b,dialectical,three_phase_shape,0.12671170597694634
qwen35_9b,dialectical,three_phase_shape,0.06697062883168917
qwen35_9b,sot_core,amount,0.04551067838979056
qwen35_9b,sot_core,amount,0.17219823111061647
qwen35_9b,sot_core,amount,0.01625080025644818
qwen35_9b,sot_core,amount,0.0844091501580095
qwen35_9b,sot_core,amount,0.010166875763020096
qwen35_9b,sot_core,amount,0.042287166812318276
qwen35_9b,sot_core,amount,0.04118317610933857
qwen35_9b,sot_core,amount,0.1344998987455186
qwen35_9b,sot_core,amount,0.047987331344902205
qwen35_9b,sot_core,amount,0.05054524351870941
qwen35_9b,sot_core,amount,0.05230188808690421
qwen35_9b,sot_core,amount,0.0444341940360497
qwen35_9b,sot_core,amount,0.01637818063188536
qwen35_9b,sot_core,amount,0.1730946551498527
qwen35_9b,sot_core,amount,0.0970583652480249
qwen35_9b,sot_core,amount,0.1788882238884462
qwen35_9b,sot_core,amount,0.1407252809920038
qwen35_9b,sot_core,amount,0.1337370544653071
qwen35_9b,sot_core,amount,0.08064929464105383
qwen35_9b,sot_core,amount,0.010798550864768022
qwen35_9b,sot_core,amount,0.038721097259173574
qwen35_9b,sot_core,amount,0.040628186679769925
qwen35_9b,sot_core,amount,0.08862781784786453
qwen35_9b,sot_core,amount,0.053041508604904
qwen35_9b,sot_core,amount,0.04424283819070641
qwen35_9b,sot_core,amount,0.044867261560369985
qwen35_9b,sot_core,amount,0.046719884905411346
qwen35_9b,sot_core,amount,0.028580918497973135
qwen35_9b,sot_core,three_phase_shape,0.09014269683275218
qwen35_9b,sot_core,three_phase_shape,0.3236547635648771
qwen35_9b,sot_core,three_phase_shape,0.057241810373135193
qwen35_9b,sot_core,three_phase_shape,0.15923014564572266
qwen35_9b,sot_core,three_phase_shape,0.04516402531653406
qwen35_9b,sot_core,three_phase_shape,0.09287212242079376
qwen35_9b,sot_core,three_phase_shape,0.09673086507912285
qwen35_9b,sot_core,three_phase_shape,0.25291883845134666
qwen35_9b,sot_core,three_phase_shape,0.083645376422258
qwen35_9b,sot_core,three_phase_shape,0.09661885381784922
qwen35_9b,sot_core,three_phase_shape,0.09129293569158659
qwen35_9b,sot_core,three_phase_shape,0.08134746579901503
qwen35_9b,sot_core,three_phase_shape,0.04266337225505121
qwen35_9b,sot_core,three_phase_shape,0.3152328282604973
qwen35_9b,sot_core,three_phase_shape,0.1879334752429189
qwen35_9b,sot_core,three_phase_shape,0.3275725262797762
qwen35_9b,sot_core,three_phase_shape,0.26091559336888426
qwen35_9b,sot_core,three_phase_shape,0.24176325025349096
qwen35_9b,sot_core,three_phase_shape,0.14578909158692155
qwen35_9b,sot_core,three_phase_shape,0.02329105496404047
qwen35_9b,sot_core,three_phase_shape,0.0718541661818511
qwen35_9b,sot_core,three_phase_shape,0.07710348299228202
qwen35_9b,sot_core,three_phase_shape,0.1617105780228841
qwen35_9b,sot_core,three_phase_shape,0.0958965892455632
qwen35_9b,sot_core,three_phase_shape,0.08041247378629597
qwen35_9b,sot_core,three_phase_shape,0.08504135428642436
qwen35_9b,sot_core,three_phase_shape,0.09116726262170437
qwen35_9b,sot_core,three_phase_shape,0.056620419752431705
qwen35_9b,executive,amount,0.05723054199613981
qwen35_9b,executive,amount,0.1285170605337823
qwen35_9b,executive,amount,0.10222784815348919
qwen35_9b,executive,amount,0.11603280285571022
qwen35_9b,executive,amount,0.10474142292006794
qwen35_9b,executive,amount,0.11410958349100425
qwen35_9b,executive,amount,0.017476557618091023
qwen35_9b,executive,amount,0.14018754367098413
qwen35_9b,executive,amount,0.07603433218603624
qwen35_9b,executive,amount,0.1684144583080035
qwen35_9b,executive,amount,0.05196869539583231
qwen35_9b,executive,amount,0.16003310469190765
qwen35_9b,executive,amount,0.0411719264041131
qwen35_9b,executive,amount,0.18077582240912257
qwen35_9b,executive,amount,0.15938753739872788
qwen35_9b,executive,amount,0.1846843581536
qwen35_9b,executive,amount,0.16704831103956855
qwen35_9b,executive,amount,0.1349931979239815
qwen35_9b,executive,amount,0.17745637007575477
qwen35_9b,executive,amount,0.07023662430461489
qwen35_9b,executive,amount,0.15435203508271825
qwen35_9b,executive,amount,0.09067030866101085
qwen35_9b,executive,amount,0.2122799171147923
qwen35_9b,executive,amount,0.03581825241087029
qwen35_9b,executive,amount,0.13151028180534918
qwen35_9b,executive,amount,0.19861026377479155
qwen35_9b,executive,amount,0.08752889598130677
qwen35_9b,executive,amount,0.12672708702288332
qwen35_9b,executive,three_phase_shape,0.10177893828320676
qwen35_9b,executive,three_phase_shape,0.2337022250623345
qwen35_9b,executive,three_phase_shape,0.18120786808713815
qwen35_9b,executive,three_phase_shape,0.20879915302226132
qwen35_9b,executive,three_phase_shape,0.1842689886375291
qwen35_9b,executive,three_phase_shape,0.20036450123229102
qwen35_9b,executive,three_phase_shape,0.03920847307205015
qwen35_9b,executive,three_phase_shape,0.25189247421257605
qwen35_9b,executive,three_phase_shape,0.14002141328916523
qwen35_9b,executive,three_phase_shape,0.2961251977847575
qwen35_9b,executive,three_phase_shape,0.0919122463630211
qwen35_9b,executive,three_phase_shape,0.2809275839159982
qwen35_9b,executive,three_phase_shape,0.07742266526497112
qwen35_9b,executive,three_phase_shape,0.3288958471262838
qwen35_9b,executive,three_phase_shape,0.2913482253371923
qwen35_9b,executive,three_phase_shape,0.33068167201465176
qwen35_9b,executive,three_phase_shape,0.30534855770637725
qwen35_9b,executive,three_phase_shape,0.25120461984880527
qwen35_9b,executive,three_phase_shape,0.3176898088114404
qwen35_9b,executive,three_phase_shape,0.12945355768775363
qwen35_9b,executive,three_phase_shape,0.26844454085881453
qwen35_9b,executive,three_phase_shape,0.16036889840092447
qwen35_9b,executive,three_phase_shape,0.37060636685259807
qwen35_9b,executive,three_phase_shape,0.09110131301730111
qwen35_9b,executive,three_phase_shape,0.23389903401541065
qwen35_9b,executive,three_phase_shape,0.3464234797734717
qwen35_9b,executive,three_phase_shape,0.15361453626071134
qwen35_9b,executive,three_phase_shape,0.22162547175559405
qwen35_27b,dialectical,amount,0.06856511360424004
qwen35_27b,dialectical,amount,0.18285463222516887
qwen35_27b,dialectical,amount,0.04036745257808128
qwen35_27b,dialectical,amount,0.11095325737077633
qwen35_27b,dialectical,amount,0.05535217589760401
qwen35_27b,dialectical,amount,0.07789555566151375
qwen35_27b,dialectical,amount,0.04372742936653873
qwen35_27b,dialectical,amount,0.13680172019122563
qwen35_27b,dialectical,amount,0.045804359111001336
qwen35_27b,dialectical,amount,0.06237772547997945
qwen35_27b,dialectical,amount,0.05323432636828116
qwen35_27b,dialectical,amount,0.05682559425361323
qwen35_27b,dialectical,amount,0.04042477856005901
qwen35_27b,dialectical,amount,0.16578361253702006
qwen35_27b,dialectical,amount,0.08716376862505221
qwen35_27b,dialectical,amount,0.1813440572852892
qwen35_27b,dialectical,amount,0.11818080440455109
qwen35_27b,dialectical,amount,0.13961430191154428
qwen35_27b,dialectical,amount,0.08557883941486658
qwen35_27b,dialectical,amount,0.027431804381008184
qwen35_27b,dialectical,amount,0.054614087439846006
qwen35_27b,dialectical,amount,0.03712094827251556
qwen35_27b,dialectical,amount,0.10186048222577238
qwen35_27b,dialectical,amount,0.04754622096390353
qwen35_27b,dialectical,amount,0.0699407957964868
qwen35_27b,dialectical,amount,0.07489085606693495
qwen35_27b,dialectical,amount,0.059192998633959444
qwen35_27b,dialectical,amount,0.04098540334224984
qwen35_27b,dialectical,three_phase_shape,0.12274892953293061
qwen35_27b,dialectical,three_phase_shape,0.3438151761221363
qwen35_27b,dialectical,three_phase_shape,0.08027206260285474
qwen35_27b,dialectical,three_phase_shape,0.2088471827768439
qwen35_27b,dialectical,three_phase_shape,0.09871212991434507
qwen35_27b,dialectical,three_phase_shape,0.15298888380071643
qwen35_27b,dialectical,three_phase_shape,0.08326110031979961
qwen35_27b,dialectical,three_phase_shape,0.26679897884593834
qwen35_27b,dialectical,three_phase_shape,0.08044589795537598
qwen35_27b,dialectical,three_phase_shape,0.12270846733703288
qwen35_27b,dialectical,three_phase_shape,0.0947824667961422
qwen35_27b,dialectical,three_phase_shape,0.10980082503085635
qwen35_27b,dialectical,three_phase_shape,0.07063616904095756
qwen35_27b,dialectical,three_phase_shape,0.31161117108470227
qwen35_27b,dialectical,three_phase_shape,0.18792683139028293
qwen35_27b,dialectical,three_phase_shape,0.3430019765393686
qwen35_27b,dialectical,three_phase_shape,0.24815106936658218
qwen35_27b,dialectical,three_phase_shape,0.2674318403384536
qwen35_27b,dialectical,three_phase_shape,0.1579267889990497
qwen35_27b,dialectical,three_phase_shape,0.05614564147034157
qwen35_27b,dialectical,three_phase_shape,0.10462178208732255
qwen35_27b,dialectical,three_phase_shape,0.06569698391579744
qwen35_27b,dialectical,three_phase_shape,0.18931792735043934
qwen35_27b,dialectical,three_phase_shape,0.09712490573193043
qwen35_27b,dialectical,three_phase_shape,0.13259761349547275
qwen35_27b,dialectical,three_phase_shape,0.14207711833176417
qwen35_27b,dialectical,three_phase_shape,0.1066160106234149
qwen35_27b,dialectical,three_phase_shape,0.08574593083484604
qwen35_27b,sot_core,amount,0.05473126162545027
qwen35_27b,sot_core,amount,0.18285405824596862
qwen35_27b,sot_core,amount,0.028037426678307387
qwen35_27b,sot_core,amount,0.10788206061420383
qwen35_27b,sot_core,amount,0.019262218202503175
qwen35_27b,sot_core,amount,0.0771635088918984
qwen35_27b,sot_core,amount,0.04342856923860567
qwen35_27b,sot_core,amount,0.1302727651307143
qwen35_27b,sot_core,amount,0.04413373887913912
qwen35_27b,sot_core,amount,0.060453191092942636
qwen35_27b,sot_core,amount,0.052169780332842225
qwen35_27b,sot_core,amount,0.04785392623067154
qwen35_27b,sot_core,amount,0.01800031702611246
qwen35_27b,sot_core,amount,0.1631378273967514
qwen35_27b,sot_core,amount,0.08307509348506709
qwen35_27b,sot_core,amount,0.17362337662671098
qwen35_27b,sot_core,amount,0.11765721216062848
qwen35_27b,sot_core,amount,0.13950347435254307
qwen35_27b,sot_core,amount,0.08552204485661587
qwen35_27b,sot_core,amount,0.015177485579106515
qwen35_27b,sot_core,amount,0.05142555018232026
qwen35_27b,sot_core,amount,0.028371188567749984
qwen35_27b,sot_core,amount,0.09849481235215886
qwen35_27b,sot_core,amount,0.045027269862201055
qwen35_27b,sot_core,amount,0.06676977356026965
qwen35_27b,sot_core,amount,0.06251430351742993
qwen35_27b,sot_core,amount,0.03625765619874389
qwen35_27b,sot_core,amount,0.0406078278927086
qwen35_27b,sot_core,three_phase_shape,0.09795352475714732
qwen35_27b,sot_core,three_phase_shape,0.3430398797743563
qwen35_27b,sot_core,three_phase_shape,0.055341197427004406
qwen35_27b,sot_core,three_phase_shape,0.1992906909508175
qwen35_27b,sot_core,three_phase_shape,0.038879321893847144
qwen35_27b,sot_core,three_phase_shape,0.14219448082068187
qwen35_27b,sot_core,three_phase_shape,0.08002792724317714
qwen35_27b,sot_core,three_phase_shape,0.2564227785123603
qwen35_27b,sot_core,three_phase_shape,0.07691940152848788
qwen35_27b,sot_core,three_phase_shape,0.11641005148029601
qwen35_27b,sot_core,three_phase_shape,0.09212228073111234
qwen35_27b,sot_core,three_phase_shape,0.08949413852139515
qwen35_27b,sot_core,three_phase_shape,0.032535053618309454
qwen35_27b,sot_core,three_phase_shape,0.30695805336539406
qwen35_27b,sot_core,three_phase_shape,0.18107409248879805
qwen35_27b,sot_core,three_phase_shape,0.330636780973002
qwen35_27b,sot_core,three_phase_shape,0.24394739826148948
qwen35_27b,sot_core,three_phase_shape,0.2668301062256458
qwen35_27b,sot_core,three_phase_shape,0.15648080070320072
qwen35_27b,sot_core,three_phase_shape,0.034115944658140294
qwen35_27b,sot_core,three_phase_shape,0.09616216113788618
qwen35_27b,sot_core,three_phase_shape,0.05027104582994221
qwen35_27b,sot_core,three_phase_shape,0.1811840929602922
qwen35_27b,sot_core,three_phase_shape,0.0876847387969843
qwen35_27b,sot_core,three_phase_shape,0.12469462476303947
qwen35_27b,sot_core,three_phase_shape,0.1135868305261155
qwen35_27b,sot_core,three_phase_shape,0.06771782302184164
qwen35_27b,sot_core,three_phase_shape,0.07878885194193398
qwen35_27b,executive,amount,0.04106330687592356
qwen35_27b,executive,amount,0.13202982288569048
qwen35_27b,executive,amount,0.11285818635392521
qwen35_27b,executive,amount,0.17028194984587813
qwen35_27b,executive,amount,0.07636676689707898
qwen35_27b,executive,amount,0.15811384261083372
qwen35_27b,executive,amount,0.03363884727136854
qwen35_27b,executive,amount,0.12719651190700268
qwen35_27b,executive,amount,0.07794320608970338
qwen35_27b,executive,amount,0.1753899401635732
qwen35_27b,executive,amount,0.04808753447826039
qwen35_27b,executive,amount,0.15634131203617188
qwen35_27b,executive,amount,0.04269523825633479
qwen35_27b,executive,amount,0.16548068932442114
qwen35_27b,executive,amount,0.1665138558390536
qwen35_27b,executive,amount,0.16681069824404
qwen35_27b,executive,amount,0.1609144894858894
qwen35_27b,executive,amount,0.11952818944942055
qwen35_27b,executive,amount,0.17620677229898177
qwen35_27b,executive,amount,0.07990579023370308
qwen35_27b,executive,amount,0.14620341211809756
qwen35_27b,executive,amount,0.0987050158704517
qwen35_27b,executive,amount,0.2174624664505525
qwen35_27b,executive,amount,0.0341590690060397
qwen35_27b,executive,amount,0.14112138330765497
qwen35_27b,executive,amount,0.19521610890884175
qwen35_27b,executive,amount,0.0875364977360841
qwen35_27b,executive,amount,0.12737428153084185
qwen35_27b,executive,three_phase_shape,0.07259990585035446
qwen35_27b,executive,three_phase_shape,0.24316772241852397
qwen35_27b,executive,three_phase_shape,0.200174040335812
qwen35_27b,executive,three_phase_shape,0.3040601651237657
qwen35_27b,executive,three_phase_shape,0.14011237487502154
qwen35_27b,executive,three_phase_shape,0.27701356059007837
qwen35_27b,executive,three_phase_shape,0.0635026444195016
qwen35_27b,executive,three_phase_shape,0.23693680726462907
qwen35_27b,executive,three_phase_shape,0.14328330430192354
qwen35_27b,executive,three_phase_shape,0.3122112105983343
qwen35_27b,executive,three_phase_shape,0.09054142662306644
qwen35_27b,executive,three_phase_shape,0.2752395000977907
qwen35_27b,executive,three_phase_shape,0.07581992394141214
qwen35_27b,executive,three_phase_shape,0.30790372508310254
qwen35_27b,executive,three_phase_shape,0.31045839709143297
qwen35_27b,executive,three_phase_shape,0.31305531727616076
qwen35_27b,executive,three_phase_shape,0.30127573547355563
qwen35_27b,executive,three_phase_shape,0.23058300171028195
qwen35_27b,executive,three_phase_shape,0.3230490008280557
qwen35_27b,executive,three_phase_shape,0.1504530729663513
qwen35_27b,executive,three_phase_shape,0.25573906357800646
qwen35_27b,executive,three_phase_shape,0.1757989644189674
qwen35_27b,executive,three_phase_shape,0.38380176816118894
qwen35_27b,executive,three_phase_shape,0.10382693044025307
qwen35_27b,executive,three_phase_shape,0.2554894850622309
qwen35_27b,executive,three_phase_shape,0.34292779869164614
qwen35_27b,executive,three_phase_shape,0.15380946940216436
qwen35_27b,executive,three_phase_shape,0.2249235010748197
