gen_model,family,profile,between_domain_distance,within_domain_prompt_variability,adaptive_differentiation,ci_low,ci_high,within_reps_per_domain
gemma4_e4b,dialectical,amount,0.08845457162946425,0.012434043035739075,7.113902644153631,5.459063887907658,8.701981093032419,1000
gemma4_e4b,dialectical,three_phase_shape,0.20050339117799873,0.03254695398099922,6.1604348995316665,4.927873836583046,7.504992620236613,1000
gemma4_e4b,sot_core,amount,0.05344443275572397,0.00983895187342473,5.43192338404244,4.289991488550762,6.614172249154853,1000
gemma4_e4b,sot_core,three_phase_shape,0.1480239280737138,0.02606191082706152,5.679703574152836,4.576713887952025,6.762092995643386,1000
gemma4_e4b,executive,amount,0.15164733651058834,0.01371390266490569,11.057927142698677,9.201296922443655,13.087576268915004,1000
gemma4_e4b,executive,three_phase_shape,0.31175254229186916,0.036216624259872494,8.60799560044271,7.346033648746384,9.804239141794339,1000
gemma4_31b,dialectical,amount,0.1362929975541031,0.011106865384012028,12.271058740866028,9.944115121190833,14.738853835672739,1000
gemma4_31b,dialectical,three_phase_shape,0.2842556712794641,0.030456362253569198,9.333211527786842,7.583890255747822,11.187114592683706,1000
gemma4_31b,sot_core,amount,0.11886754718397152,0.00810308260546442,14.669423103722483,11.188245845285259,18.078150295458027,1000
gemma4_31b,sot_core,three_phase_shape,0.2447289136395061,0.023021480041876666,10.630459605305042,8.202060382439965,13.194987292020592,1000
gemma4_31b,executive,amount,0.15444069813579997,0.010620491785107947,14.541765227139171,11.379889992014121,17.72929591979062,1000
gemma4_31b,executive,three_phase_shape,0.30937429884484724,0.030129821149237193,10.26804299011512,8.5125418637276,12.156940210704096,1000
