split,prefix,feature_set,feature,coef
prompt_disjoint,0.1,metadata,gen_model=gemma4_31b,0.40375872879757163
prompt_disjoint,0.1,metadata,gen_model=qwen35_27b,0.37217292208723074
prompt_disjoint,0.1,metadata,task_type=safety,0.30808429507618296
prompt_disjoint,0.1,metadata,gen_model=qwen35_9b,0.28683183048033306
prompt_disjoint,0.1,metadata,gen_model=qwen35_4b,0.28458087045743763
prompt_disjoint,0.1,metadata,task_type=math,-0.25754975934403357
prompt_disjoint,0.1,metadata,difficulty_raw=Sexual content,0.23754904244412836
prompt_disjoint,0.1,metadata,difficulty_raw=hard,-0.22632921176607682
prompt_disjoint,0.1,metadata,task_type=moral,-0.22397288451796057
prompt_disjoint,0.1,metadata,gen_model=gemma4_e4b,0.2010353658686583
prompt_disjoint,0.1,metadata,difficulty_raw=applicable_actions_mc,0.200208197361989
prompt_disjoint,0.1,metadata,difficulty_raw=progression_mcq,0.18383185149873338
prompt_disjoint,0.1,metadata,task_type=planning,0.18276312624608032
prompt_disjoint,0.1,metadata,difficulty_raw=validation_mcq,-0.15583797235968236
prompt_disjoint,0.1,metadata,difficulty_raw=easy,0.13985644289261415
prompt_disjoint,0.1,metadata,difficulty_raw=Non-violent crimes,0.12967167261526027
prompt_disjoint,0.1,metadata,difficulty_raw=landmarks_mcq,0.12315478081538216
prompt_disjoint,0.1,metadata,task_type=idea,0.11058321063891427
prompt_disjoint,0.1,metadata,difficulty_raw=Illegal goods and services,0.10852421019084567
prompt_disjoint,0.1,metadata,"difficulty_raw=Hate, harassment and discrimination",0.10532347290375943
prompt_disjoint,0.1,length,gen_model=gemma4_31b,0.4046969104697109
prompt_disjoint,0.1,length,gen_model=qwen35_27b,0.37748318413792487
prompt_disjoint,0.1,length,task_type=safety,0.3071718094311166
prompt_disjoint,0.1,length,gen_model=qwen35_9b,0.2926213605697575
prompt_disjoint,0.1,length,gen_model=qwen35_4b,0.2900531587194332
prompt_disjoint,0.1,length,task_type=math,-0.25920201606330556
prompt_disjoint,0.1,length,difficulty_raw=Sexual content,0.2372235954101125
prompt_disjoint,0.1,length,task_type=moral,-0.22539385881379723
prompt_disjoint,0.1,length,difficulty_raw=hard,-0.2234695242222936
prompt_disjoint,0.1,length,gen_model=gemma4_e4b,0.20155079934565007
prompt_disjoint,0.1,length,difficulty_raw=applicable_actions_mc,0.20011125390214166
prompt_disjoint,0.1,length,task_type=planning,0.1834438575942104
prompt_disjoint,0.1,length,difficulty_raw=progression_mcq,0.18332407257487635
prompt_disjoint,0.1,length,difficulty_raw=validation_mcq,-0.1549832003950692
prompt_disjoint,0.1,length,difficulty_raw=easy,0.13975875952886832
prompt_disjoint,0.1,length,difficulty_raw=Non-violent crimes,0.12923859818134653
prompt_disjoint,0.1,length,difficulty_raw=landmarks_mcq,0.12371724315262242
prompt_disjoint,0.1,length,task_type=idea,0.11030960456639738
prompt_disjoint,0.1,length,difficulty_raw=Illegal goods and services,0.10819609101081593
prompt_disjoint,0.1,length,gen_model=reasoner,0.10525916546498933
prompt_disjoint,0.1,counts,gen_model=gemma4_31b,0.42492560414777597
prompt_disjoint,0.1,counts,gen_model=qwen35_27b,0.41320405893380846
prompt_disjoint,0.1,counts,gen_model=qwen35_9b,0.32936112643006876
prompt_disjoint,0.1,counts,gen_model=qwen35_4b,0.32307528491509313
prompt_disjoint,0.1,counts,task_type=safety,0.30745116666607586
prompt_disjoint,0.1,counts,task_type=math,-0.2806421136112984
prompt_disjoint,0.1,counts,task_type=moral,-0.23753731869333172
prompt_disjoint,0.1,counts,difficulty_raw=Sexual content,0.2354294777356909
prompt_disjoint,0.1,counts,difficulty_raw=hard,-0.22241470263666752
prompt_disjoint,0.1,counts,difficulty_raw=applicable_actions_mc,0.20169032611128976
prompt_disjoint,0.1,counts,gen_model=gemma4_e4b,0.19090512806340038
prompt_disjoint,0.1,counts,task_type=planning,0.17983603363715836
prompt_disjoint,0.1,counts,difficulty_raw=progression_mcq,0.17844627887315004
prompt_disjoint,0.1,counts,difficulty_raw=validation_mcq,-0.15916028847747457
prompt_disjoint,0.1,counts,task_type=idea,0.14651893426747573
prompt_disjoint,0.1,counts,difficulty_raw=easy,0.1390037966065619
prompt_disjoint,0.1,counts,gen_model=reasoner,0.13425761455512877
prompt_disjoint,0.1,counts,difficulty_raw=Non-violent crimes,0.1269488404114336
prompt_disjoint,0.1,counts,difficulty_raw=landmarks_mcq,0.12170345356028316
prompt_disjoint,0.1,counts,difficulty_raw=Illegal goods and services,0.10864992476415904
prompt_disjoint,0.1,temporal,gen_model=qwen35_27b,0.5004867509996788
prompt_disjoint,0.1,temporal,gen_model=gemma4_31b,0.45145593257941474
prompt_disjoint,0.1,temporal,gen_model=qwen35_9b,0.4122306596522968
prompt_disjoint,0.1,temporal,gen_model=qwen35_4b,0.39461852034380296
prompt_disjoint,0.1,temporal,task_type=safety,0.3129637055770551
prompt_disjoint,0.1,temporal,task_type=math,-0.3036670133272225
prompt_disjoint,0.1,temporal,rate_subgoal,0.2951973546919447
prompt_disjoint,0.1,temporal,gen_model=gemma4_e4b,0.2869824162111074
prompt_disjoint,0.1,temporal,bin0_subgoal,-0.2785995123055334
prompt_disjoint,0.1,temporal,rate_backtracking,-0.25793455505484064
prompt_disjoint,0.1,temporal,task_type=moral,-0.24903884490019004
prompt_disjoint,0.1,temporal,difficulty_raw=Sexual content,0.23306167356687962
prompt_disjoint,0.1,temporal,difficulty_raw=hard,-0.22459809265279493
prompt_disjoint,0.1,temporal,rate_Perspective_Shift,0.22323408576123124
prompt_disjoint,0.1,temporal,difficulty_raw=applicable_actions_mc,0.2007495200107873
prompt_disjoint,0.1,temporal,difficulty_raw=progression_mcq,0.18241265235576204
prompt_disjoint,0.1,temporal,task_type=planning,0.18228053605564357
prompt_disjoint,0.1,temporal,task_type=idea,0.1797462136413261
prompt_disjoint,0.1,temporal,gen_model=reasoner,0.17186828836666643
prompt_disjoint,0.1,temporal,difficulty_raw=validation_mcq,-0.1654945207542477
prompt_disjoint,0.1,time_shuffled,gen_model=gemma4_31b,0.42493060848108777
prompt_disjoint,0.1,time_shuffled,gen_model=qwen35_27b,0.41321034798122236
prompt_disjoint,0.1,time_shuffled,gen_model=qwen35_9b,0.3293676057885101
prompt_disjoint,0.1,time_shuffled,gen_model=qwen35_4b,0.3230808926842671
prompt_disjoint,0.1,time_shuffled,task_type=safety,0.3074524760767201
prompt_disjoint,0.1,time_shuffled,task_type=math,-0.2806466351886262
prompt_disjoint,0.1,time_shuffled,task_type=moral,-0.23753842543902204
prompt_disjoint,0.1,time_shuffled,difficulty_raw=Sexual content,0.23542937267641545
prompt_disjoint,0.1,time_shuffled,difficulty_raw=hard,-0.22241450849551292
prompt_disjoint,0.1,time_shuffled,difficulty_raw=applicable_actions_mc,0.2016902240925049
prompt_disjoint,0.1,time_shuffled,gen_model=gemma4_e4b,0.19090347069022182
prompt_disjoint,0.1,time_shuffled,task_type=planning,0.17983434322530142
prompt_disjoint,0.1,time_shuffled,difficulty_raw=progression_mcq,0.17844544449270403
prompt_disjoint,0.1,time_shuffled,difficulty_raw=validation_mcq,-0.1591635389814996
prompt_disjoint,0.1,time_shuffled,task_type=idea,0.14652591704000775
prompt_disjoint,0.1,time_shuffled,difficulty_raw=easy,0.1390037053123754
prompt_disjoint,0.1,time_shuffled,gen_model=reasoner,0.13426387169650889
prompt_disjoint,0.1,time_shuffled,difficulty_raw=Non-violent crimes,0.1269487090451765
prompt_disjoint,0.1,time_shuffled,difficulty_raw=landmarks_mcq,0.12170334258994248
prompt_disjoint,0.1,time_shuffled,difficulty_raw=Illegal goods and services,0.10865038165348498
random_trace,0.1,metadata,gen_model=gemma4_31b,0.40375872879757163
random_trace,0.1,metadata,gen_model=qwen35_27b,0.37217292208723074
random_trace,0.1,metadata,task_type=safety,0.30808429507618296
random_trace,0.1,metadata,gen_model=qwen35_9b,0.28683183048033306
random_trace,0.1,metadata,gen_model=qwen35_4b,0.28458087045743763
random_trace,0.1,metadata,task_type=math,-0.25754975934403357
random_trace,0.1,metadata,difficulty_raw=Sexual content,0.23754904244412836
random_trace,0.1,metadata,difficulty_raw=hard,-0.22632921176607682
random_trace,0.1,metadata,task_type=moral,-0.22397288451796057
random_trace,0.1,metadata,gen_model=gemma4_e4b,0.2010353658686583
random_trace,0.1,metadata,difficulty_raw=applicable_actions_mc,0.200208197361989
random_trace,0.1,metadata,difficulty_raw=progression_mcq,0.18383185149873338
random_trace,0.1,metadata,task_type=planning,0.18276312624608032
random_trace,0.1,metadata,difficulty_raw=validation_mcq,-0.15583797235968236
random_trace,0.1,metadata,difficulty_raw=easy,0.13985644289261415
random_trace,0.1,metadata,difficulty_raw=Non-violent crimes,0.12967167261526027
random_trace,0.1,metadata,difficulty_raw=landmarks_mcq,0.12315478081538216
random_trace,0.1,metadata,task_type=idea,0.11058321063891427
random_trace,0.1,metadata,difficulty_raw=Illegal goods and services,0.10852421019084567
random_trace,0.1,metadata,"difficulty_raw=Hate, harassment and discrimination",0.10532347290375943
random_trace,0.1,length,gen_model=gemma4_31b,0.4046969104697109
random_trace,0.1,length,gen_model=qwen35_27b,0.37748318413792487
random_trace,0.1,length,task_type=safety,0.3071718094311166
random_trace,0.1,length,gen_model=qwen35_9b,0.2926213605697575
random_trace,0.1,length,gen_model=qwen35_4b,0.2900531587194332
random_trace,0.1,length,task_type=math,-0.25920201606330556
random_trace,0.1,length,difficulty_raw=Sexual content,0.2372235954101125
random_trace,0.1,length,task_type=moral,-0.22539385881379723
random_trace,0.1,length,difficulty_raw=hard,-0.2234695242222936
random_trace,0.1,length,gen_model=gemma4_e4b,0.20155079934565007
random_trace,0.1,length,difficulty_raw=applicable_actions_mc,0.20011125390214166
random_trace,0.1,length,task_type=planning,0.1834438575942104
random_trace,0.1,length,difficulty_raw=progression_mcq,0.18332407257487635
random_trace,0.1,length,difficulty_raw=validation_mcq,-0.1549832003950692
random_trace,0.1,length,difficulty_raw=easy,0.13975875952886832
random_trace,0.1,length,difficulty_raw=Non-violent crimes,0.12923859818134653
random_trace,0.1,length,difficulty_raw=landmarks_mcq,0.12371724315262242
random_trace,0.1,length,task_type=idea,0.11030960456639738
random_trace,0.1,length,difficulty_raw=Illegal goods and services,0.10819609101081593
random_trace,0.1,length,gen_model=reasoner,0.10525916546498933
random_trace,0.1,counts,gen_model=gemma4_31b,0.42492560414777597
random_trace,0.1,counts,gen_model=qwen35_27b,0.41320405893380846
random_trace,0.1,counts,gen_model=qwen35_9b,0.32936112643006876
random_trace,0.1,counts,gen_model=qwen35_4b,0.32307528491509313
random_trace,0.1,counts,task_type=safety,0.30745116666607586
random_trace,0.1,counts,task_type=math,-0.2806421136112984
random_trace,0.1,counts,task_type=moral,-0.23753731869333172
random_trace,0.1,counts,difficulty_raw=Sexual content,0.2354294777356909
random_trace,0.1,counts,difficulty_raw=hard,-0.22241470263666752
random_trace,0.1,counts,difficulty_raw=applicable_actions_mc,0.20169032611128976
random_trace,0.1,counts,gen_model=gemma4_e4b,0.19090512806340038
random_trace,0.1,counts,task_type=planning,0.17983603363715836
random_trace,0.1,counts,difficulty_raw=progression_mcq,0.17844627887315004
random_trace,0.1,counts,difficulty_raw=validation_mcq,-0.15916028847747457
random_trace,0.1,counts,task_type=idea,0.14651893426747573
random_trace,0.1,counts,difficulty_raw=easy,0.1390037966065619
random_trace,0.1,counts,gen_model=reasoner,0.13425761455512877
random_trace,0.1,counts,difficulty_raw=Non-violent crimes,0.1269488404114336
random_trace,0.1,counts,difficulty_raw=landmarks_mcq,0.12170345356028316
random_trace,0.1,counts,difficulty_raw=Illegal goods and services,0.10864992476415904
random_trace,0.1,temporal,gen_model=qwen35_27b,0.5004867509996788
random_trace,0.1,temporal,gen_model=gemma4_31b,0.45145593257941474
random_trace,0.1,temporal,gen_model=qwen35_9b,0.4122306596522968
random_trace,0.1,temporal,gen_model=qwen35_4b,0.39461852034380296
random_trace,0.1,temporal,task_type=safety,0.3129637055770551
random_trace,0.1,temporal,task_type=math,-0.3036670133272225
random_trace,0.1,temporal,rate_subgoal,0.2951973546919447
random_trace,0.1,temporal,gen_model=gemma4_e4b,0.2869824162111074
random_trace,0.1,temporal,bin0_subgoal,-0.2785995123055334
random_trace,0.1,temporal,rate_backtracking,-0.25793455505484064
random_trace,0.1,temporal,task_type=moral,-0.24903884490019004
random_trace,0.1,temporal,difficulty_raw=Sexual content,0.23306167356687962
random_trace,0.1,temporal,difficulty_raw=hard,-0.22459809265279493
random_trace,0.1,temporal,rate_Perspective_Shift,0.22323408576123124
random_trace,0.1,temporal,difficulty_raw=applicable_actions_mc,0.2007495200107873
random_trace,0.1,temporal,difficulty_raw=progression_mcq,0.18241265235576204
random_trace,0.1,temporal,task_type=planning,0.18228053605564357
random_trace,0.1,temporal,task_type=idea,0.1797462136413261
random_trace,0.1,temporal,gen_model=reasoner,0.17186828836666643
random_trace,0.1,temporal,difficulty_raw=validation_mcq,-0.1654945207542477
random_trace,0.1,time_shuffled,gen_model=gemma4_31b,0.42493060848108777
random_trace,0.1,time_shuffled,gen_model=qwen35_27b,0.41321034798122236
random_trace,0.1,time_shuffled,gen_model=qwen35_9b,0.3293676057885101
random_trace,0.1,time_shuffled,gen_model=qwen35_4b,0.3230808926842671
random_trace,0.1,time_shuffled,task_type=safety,0.3074524760767201
random_trace,0.1,time_shuffled,task_type=math,-0.2806466351886262
random_trace,0.1,time_shuffled,task_type=moral,-0.23753842543902204
random_trace,0.1,time_shuffled,difficulty_raw=Sexual content,0.23542937267641545
random_trace,0.1,time_shuffled,difficulty_raw=hard,-0.22241450849551292
random_trace,0.1,time_shuffled,difficulty_raw=applicable_actions_mc,0.2016902240925049
random_trace,0.1,time_shuffled,gen_model=gemma4_e4b,0.19090347069022182
random_trace,0.1,time_shuffled,task_type=planning,0.17983434322530142
random_trace,0.1,time_shuffled,difficulty_raw=progression_mcq,0.17844544449270403
random_trace,0.1,time_shuffled,difficulty_raw=validation_mcq,-0.1591635389814996
random_trace,0.1,time_shuffled,task_type=idea,0.14652591704000775
random_trace,0.1,time_shuffled,difficulty_raw=easy,0.1390037053123754
random_trace,0.1,time_shuffled,gen_model=reasoner,0.13426387169650889
random_trace,0.1,time_shuffled,difficulty_raw=Non-violent crimes,0.1269487090451765
random_trace,0.1,time_shuffled,difficulty_raw=landmarks_mcq,0.12170334258994248
random_trace,0.1,time_shuffled,difficulty_raw=Illegal goods and services,0.10865038165348498
prompt_disjoint,0.25,metadata,gen_model=gemma4_31b,0.40375872879757163
prompt_disjoint,0.25,metadata,gen_model=qwen35_27b,0.37217292208723074
prompt_disjoint,0.25,metadata,task_type=safety,0.30808429507618296
prompt_disjoint,0.25,metadata,gen_model=qwen35_9b,0.28683183048033306
prompt_disjoint,0.25,metadata,gen_model=qwen35_4b,0.28458087045743763
prompt_disjoint,0.25,metadata,task_type=math,-0.25754975934403357
prompt_disjoint,0.25,metadata,difficulty_raw=Sexual content,0.23754904244412836
prompt_disjoint,0.25,metadata,difficulty_raw=hard,-0.22632921176607682
prompt_disjoint,0.25,metadata,task_type=moral,-0.22397288451796057
prompt_disjoint,0.25,metadata,gen_model=gemma4_e4b,0.2010353658686583
prompt_disjoint,0.25,metadata,difficulty_raw=applicable_actions_mc,0.200208197361989
prompt_disjoint,0.25,metadata,difficulty_raw=progression_mcq,0.18383185149873338
prompt_disjoint,0.25,metadata,task_type=planning,0.18276312624608032
prompt_disjoint,0.25,metadata,difficulty_raw=validation_mcq,-0.15583797235968236
prompt_disjoint,0.25,metadata,difficulty_raw=easy,0.13985644289261415
prompt_disjoint,0.25,metadata,difficulty_raw=Non-violent crimes,0.12967167261526027
prompt_disjoint,0.25,metadata,difficulty_raw=landmarks_mcq,0.12315478081538216
prompt_disjoint,0.25,metadata,task_type=idea,0.11058321063891427
prompt_disjoint,0.25,metadata,difficulty_raw=Illegal goods and services,0.10852421019084567
prompt_disjoint,0.25,metadata,"difficulty_raw=Hate, harassment and discrimination",0.10532347290375943
prompt_disjoint,0.25,length,gen_model=gemma4_31b,0.4047027078668309
prompt_disjoint,0.25,length,gen_model=qwen35_27b,0.3775139600427178
prompt_disjoint,0.25,length,task_type=safety,0.30716280125220935
prompt_disjoint,0.25,length,gen_model=qwen35_9b,0.29265503544144617
prompt_disjoint,0.25,length,gen_model=qwen35_4b,0.2900851653028659
prompt_disjoint,0.25,length,task_type=math,-0.2592118606464907
prompt_disjoint,0.25,length,difficulty_raw=Sexual content,0.23722009764609908
prompt_disjoint,0.25,length,task_type=moral,-0.22540121943731048
prompt_disjoint,0.25,length,difficulty_raw=hard,-0.22345244795745586
prompt_disjoint,0.25,length,gen_model=gemma4_e4b,0.20155477087798032
prompt_disjoint,0.25,length,difficulty_raw=applicable_actions_mc,0.20011074882187516
prompt_disjoint,0.25,length,task_type=planning,0.18344796948631206
prompt_disjoint,0.25,length,difficulty_raw=progression_mcq,0.18332190938790893
prompt_disjoint,0.25,length,difficulty_raw=validation_mcq,-0.15497892823165665
prompt_disjoint,0.25,length,difficulty_raw=easy,0.13975931172571804
prompt_disjoint,0.25,length,difficulty_raw=Non-violent crimes,0.12923458084316636
prompt_disjoint,0.25,length,difficulty_raw=landmarks_mcq,0.12372210360731029
prompt_disjoint,0.25,length,task_type=idea,0.11030966490179203
prompt_disjoint,0.25,length,difficulty_raw=Illegal goods and services,0.10819362760547281
prompt_disjoint,0.25,length,gen_model=reasoner,0.10526994502590611
prompt_disjoint,0.25,counts,gen_model=gemma4_31b,0.44518942058080546
prompt_disjoint,0.25,counts,gen_model=qwen35_27b,0.4178115499726193
prompt_disjoint,0.25,counts,gen_model=qwen35_9b,0.3326721253293556
prompt_disjoint,0.25,counts,gen_model=qwen35_4b,0.3246907212342687
prompt_disjoint,0.25,counts,task_type=safety,0.30850826998812003
prompt_disjoint,0.25,counts,task_type=math,-0.2968192068011205
prompt_disjoint,0.25,counts,difficulty_raw=Sexual content,0.2372938170502288
prompt_disjoint,0.25,counts,task_type=moral,-0.23038145717343025
prompt_disjoint,0.25,counts,difficulty_raw=hard,-0.22525052738220724
prompt_disjoint,0.25,counts,gen_model=gemma4_e4b,0.19865839208537467
prompt_disjoint,0.25,counts,difficulty_raw=applicable_actions_mc,0.19602595582178609
prompt_disjoint,0.25,counts,difficulty_raw=validation_mcq,-0.18366317955021472
prompt_disjoint,0.25,counts,task_type=idea,0.17959643253390478
prompt_disjoint,0.25,counts,difficulty_raw=progression_mcq,0.1746257738628617
prompt_disjoint,0.25,counts,task_type=planning,0.1672382617538869
prompt_disjoint,0.25,counts,gen_model=reasoner,0.16208597890597154
prompt_disjoint,0.25,counts,difficulty_raw=easy,0.13473787223787914
prompt_disjoint,0.25,counts,difficulty_raw=landmarks_mcq,0.12912247936364216
prompt_disjoint,0.25,counts,difficulty_raw=Non-violent crimes,0.12659003018416704
prompt_disjoint,0.25,counts,"difficulty_raw=Hate, harassment and discrimination",0.1086284112983908
prompt_disjoint,0.25,temporal,gen_model=gemma4_31b,0.46238159183805777
prompt_disjoint,0.25,temporal,gen_model=qwen35_27b,0.44662629835483303
prompt_disjoint,0.25,temporal,rate_subgoal,0.3818896913360872
prompt_disjoint,0.25,temporal,gen_model=qwen35_9b,0.3604262836154689
prompt_disjoint,0.25,temporal,gen_model=qwen35_4b,0.34854924330264375
prompt_disjoint,0.25,temporal,task_type=math,-0.3210321515658214
prompt_disjoint,0.25,temporal,task_type=safety,0.31546631252561463
prompt_disjoint,0.25,temporal,rate_Reconciliation,0.3096070059447403
prompt_disjoint,0.25,temporal,difficulty_raw=Sexual content,0.2390401487789406
prompt_disjoint,0.25,temporal,gen_model=gemma4_e4b,0.23786755701700027
prompt_disjoint,0.25,temporal,rate_Perspective_Shift,-0.23685242426452946
prompt_disjoint,0.25,temporal,task_type=moral,-0.22790527575130057
prompt_disjoint,0.25,temporal,difficulty_raw=hard,-0.22578361268573882
prompt_disjoint,0.25,temporal,bin0_subgoal,-0.20166486508324125
prompt_disjoint,0.25,temporal,difficulty_raw=applicable_actions_mc,0.19504129349139485
prompt_disjoint,0.25,temporal,rate_Conflict_of_Perspectives,0.19202055413985974
prompt_disjoint,0.25,temporal,task_type=idea,0.19094669315461146
prompt_disjoint,0.25,temporal,difficulty_raw=validation_mcq,-0.18390465926478797
prompt_disjoint,0.25,temporal,rate_Question_and_Answering,-0.17901475190831634
prompt_disjoint,0.25,temporal,difficulty_raw=progression_mcq,0.17631478307011256
prompt_disjoint,0.25,time_shuffled,gen_model=gemma4_31b,0.44519873352585354
prompt_disjoint,0.25,time_shuffled,gen_model=qwen35_27b,0.41781677975241516
prompt_disjoint,0.25,time_shuffled,gen_model=qwen35_9b,0.3326775389082445
prompt_disjoint,0.25,time_shuffled,gen_model=qwen35_4b,0.3246950004508722
prompt_disjoint,0.25,time_shuffled,task_type=safety,0.3085107721429902
prompt_disjoint,0.25,time_shuffled,task_type=math,-0.2968285002710446
prompt_disjoint,0.25,time_shuffled,difficulty_raw=Sexual content,0.23729458056977643
prompt_disjoint,0.25,time_shuffled,task_type=moral,-0.2303793495923641
prompt_disjoint,0.25,time_shuffled,difficulty_raw=hard,-0.2252512818687731
prompt_disjoint,0.25,time_shuffled,gen_model=gemma4_e4b,0.19865879035312992
prompt_disjoint,0.25,time_shuffled,difficulty_raw=applicable_actions_mc,0.19602374556343763
prompt_disjoint,0.25,time_shuffled,difficulty_raw=validation_mcq,-0.18367444981506711
prompt_disjoint,0.25,time_shuffled,task_type=idea,0.17961249034038904
prompt_disjoint,0.25,time_shuffled,difficulty_raw=progression_mcq,0.1746237591333741
prompt_disjoint,0.25,time_shuffled,task_type=planning,0.16723220644136444
prompt_disjoint,0.25,time_shuffled,gen_model=reasoner,0.162099823794822
prompt_disjoint,0.25,time_shuffled,difficulty_raw=easy,0.13473661954667238
prompt_disjoint,0.25,time_shuffled,difficulty_raw=landmarks_mcq,0.12912438128393255
prompt_disjoint,0.25,time_shuffled,difficulty_raw=Non-violent crimes,0.12659048246663437
prompt_disjoint,0.25,time_shuffled,"difficulty_raw=Hate, harassment and discrimination",0.10863016609018981
random_trace,0.25,metadata,gen_model=gemma4_31b,0.40375872879757163
random_trace,0.25,metadata,gen_model=qwen35_27b,0.37217292208723074
random_trace,0.25,metadata,task_type=safety,0.30808429507618296
random_trace,0.25,metadata,gen_model=qwen35_9b,0.28683183048033306
random_trace,0.25,metadata,gen_model=qwen35_4b,0.28458087045743763
random_trace,0.25,metadata,task_type=math,-0.25754975934403357
random_trace,0.25,metadata,difficulty_raw=Sexual content,0.23754904244412836
random_trace,0.25,metadata,difficulty_raw=hard,-0.22632921176607682
random_trace,0.25,metadata,task_type=moral,-0.22397288451796057
random_trace,0.25,metadata,gen_model=gemma4_e4b,0.2010353658686583
random_trace,0.25,metadata,difficulty_raw=applicable_actions_mc,0.200208197361989
random_trace,0.25,metadata,difficulty_raw=progression_mcq,0.18383185149873338
random_trace,0.25,metadata,task_type=planning,0.18276312624608032
random_trace,0.25,metadata,difficulty_raw=validation_mcq,-0.15583797235968236
random_trace,0.25,metadata,difficulty_raw=easy,0.13985644289261415
random_trace,0.25,metadata,difficulty_raw=Non-violent crimes,0.12967167261526027
random_trace,0.25,metadata,difficulty_raw=landmarks_mcq,0.12315478081538216
random_trace,0.25,metadata,task_type=idea,0.11058321063891427
random_trace,0.25,metadata,difficulty_raw=Illegal goods and services,0.10852421019084567
random_trace,0.25,metadata,"difficulty_raw=Hate, harassment and discrimination",0.10532347290375943
random_trace,0.25,length,gen_model=gemma4_31b,0.4047027078668309
random_trace,0.25,length,gen_model=qwen35_27b,0.3775139600427178
random_trace,0.25,length,task_type=safety,0.30716280125220935
random_trace,0.25,length,gen_model=qwen35_9b,0.29265503544144617
random_trace,0.25,length,gen_model=qwen35_4b,0.2900851653028659
random_trace,0.25,length,task_type=math,-0.2592118606464907
random_trace,0.25,length,difficulty_raw=Sexual content,0.23722009764609908
random_trace,0.25,length,task_type=moral,-0.22540121943731048
random_trace,0.25,length,difficulty_raw=hard,-0.22345244795745586
random_trace,0.25,length,gen_model=gemma4_e4b,0.20155477087798032
random_trace,0.25,length,difficulty_raw=applicable_actions_mc,0.20011074882187516
random_trace,0.25,length,task_type=planning,0.18344796948631206
random_trace,0.25,length,difficulty_raw=progression_mcq,0.18332190938790893
random_trace,0.25,length,difficulty_raw=validation_mcq,-0.15497892823165665
random_trace,0.25,length,difficulty_raw=easy,0.13975931172571804
random_trace,0.25,length,difficulty_raw=Non-violent crimes,0.12923458084316636
random_trace,0.25,length,difficulty_raw=landmarks_mcq,0.12372210360731029
random_trace,0.25,length,task_type=idea,0.11030966490179203
random_trace,0.25,length,difficulty_raw=Illegal goods and services,0.10819362760547281
random_trace,0.25,length,gen_model=reasoner,0.10526994502590611
random_trace,0.25,counts,gen_model=gemma4_31b,0.44518942058080546
random_trace,0.25,counts,gen_model=qwen35_27b,0.4178115499726193
random_trace,0.25,counts,gen_model=qwen35_9b,0.3326721253293556
random_trace,0.25,counts,gen_model=qwen35_4b,0.3246907212342687
random_trace,0.25,counts,task_type=safety,0.30850826998812003
random_trace,0.25,counts,task_type=math,-0.2968192068011205
random_trace,0.25,counts,difficulty_raw=Sexual content,0.2372938170502288
random_trace,0.25,counts,task_type=moral,-0.23038145717343025
random_trace,0.25,counts,difficulty_raw=hard,-0.22525052738220724
random_trace,0.25,counts,gen_model=gemma4_e4b,0.19865839208537467
random_trace,0.25,counts,difficulty_raw=applicable_actions_mc,0.19602595582178609
random_trace,0.25,counts,difficulty_raw=validation_mcq,-0.18366317955021472
random_trace,0.25,counts,task_type=idea,0.17959643253390478
random_trace,0.25,counts,difficulty_raw=progression_mcq,0.1746257738628617
random_trace,0.25,counts,task_type=planning,0.1672382617538869
random_trace,0.25,counts,gen_model=reasoner,0.16208597890597154
random_trace,0.25,counts,difficulty_raw=easy,0.13473787223787914
random_trace,0.25,counts,difficulty_raw=landmarks_mcq,0.12912247936364216
random_trace,0.25,counts,difficulty_raw=Non-violent crimes,0.12659003018416704
random_trace,0.25,counts,"difficulty_raw=Hate, harassment and discrimination",0.1086284112983908
random_trace,0.25,temporal,gen_model=gemma4_31b,0.46238159183805777
random_trace,0.25,temporal,gen_model=qwen35_27b,0.44662629835483303
random_trace,0.25,temporal,rate_subgoal,0.3818896913360872
random_trace,0.25,temporal,gen_model=qwen35_9b,0.3604262836154689
random_trace,0.25,temporal,gen_model=qwen35_4b,0.34854924330264375
random_trace,0.25,temporal,task_type=math,-0.3210321515658214
random_trace,0.25,temporal,task_type=safety,0.31546631252561463
random_trace,0.25,temporal,rate_Reconciliation,0.3096070059447403
random_trace,0.25,temporal,difficulty_raw=Sexual content,0.2390401487789406
random_trace,0.25,temporal,gen_model=gemma4_e4b,0.23786755701700027
random_trace,0.25,temporal,rate_Perspective_Shift,-0.23685242426452946
random_trace,0.25,temporal,task_type=moral,-0.22790527575130057
random_trace,0.25,temporal,difficulty_raw=hard,-0.22578361268573882
random_trace,0.25,temporal,bin0_subgoal,-0.20166486508324125
random_trace,0.25,temporal,difficulty_raw=applicable_actions_mc,0.19504129349139485
random_trace,0.25,temporal,rate_Conflict_of_Perspectives,0.19202055413985974
random_trace,0.25,temporal,task_type=idea,0.19094669315461146
random_trace,0.25,temporal,difficulty_raw=validation_mcq,-0.18390465926478797
random_trace,0.25,temporal,rate_Question_and_Answering,-0.17901475190831634
random_trace,0.25,temporal,difficulty_raw=progression_mcq,0.17631478307011256
random_trace,0.25,time_shuffled,gen_model=gemma4_31b,0.44519873352585354
random_trace,0.25,time_shuffled,gen_model=qwen35_27b,0.41781677975241516
random_trace,0.25,time_shuffled,gen_model=qwen35_9b,0.3326775389082445
random_trace,0.25,time_shuffled,gen_model=qwen35_4b,0.3246950004508722
random_trace,0.25,time_shuffled,task_type=safety,0.3085107721429902
random_trace,0.25,time_shuffled,task_type=math,-0.2968285002710446
random_trace,0.25,time_shuffled,difficulty_raw=Sexual content,0.23729458056977643
random_trace,0.25,time_shuffled,task_type=moral,-0.2303793495923641
random_trace,0.25,time_shuffled,difficulty_raw=hard,-0.2252512818687731
random_trace,0.25,time_shuffled,gen_model=gemma4_e4b,0.19865879035312992
random_trace,0.25,time_shuffled,difficulty_raw=applicable_actions_mc,0.19602374556343763
random_trace,0.25,time_shuffled,difficulty_raw=validation_mcq,-0.18367444981506711
random_trace,0.25,time_shuffled,task_type=idea,0.17961249034038904
random_trace,0.25,time_shuffled,difficulty_raw=progression_mcq,0.1746237591333741
random_trace,0.25,time_shuffled,task_type=planning,0.16723220644136444
random_trace,0.25,time_shuffled,gen_model=reasoner,0.162099823794822
random_trace,0.25,time_shuffled,difficulty_raw=easy,0.13473661954667238
random_trace,0.25,time_shuffled,difficulty_raw=landmarks_mcq,0.12912438128393255
random_trace,0.25,time_shuffled,difficulty_raw=Non-violent crimes,0.12659048246663437
random_trace,0.25,time_shuffled,"difficulty_raw=Hate, harassment and discrimination",0.10863016609018981
prompt_disjoint,0.5,metadata,gen_model=gemma4_31b,0.40375872879757163
prompt_disjoint,0.5,metadata,gen_model=qwen35_27b,0.37217292208723074
prompt_disjoint,0.5,metadata,task_type=safety,0.30808429507618296
prompt_disjoint,0.5,metadata,gen_model=qwen35_9b,0.28683183048033306
prompt_disjoint,0.5,metadata,gen_model=qwen35_4b,0.28458087045743763
prompt_disjoint,0.5,metadata,task_type=math,-0.25754975934403357
prompt_disjoint,0.5,metadata,difficulty_raw=Sexual content,0.23754904244412836
prompt_disjoint,0.5,metadata,difficulty_raw=hard,-0.22632921176607682
prompt_disjoint,0.5,metadata,task_type=moral,-0.22397288451796057
prompt_disjoint,0.5,metadata,gen_model=gemma4_e4b,0.2010353658686583
prompt_disjoint,0.5,metadata,difficulty_raw=applicable_actions_mc,0.200208197361989
prompt_disjoint,0.5,metadata,difficulty_raw=progression_mcq,0.18383185149873338
prompt_disjoint,0.5,metadata,task_type=planning,0.18276312624608032
prompt_disjoint,0.5,metadata,difficulty_raw=validation_mcq,-0.15583797235968236
prompt_disjoint,0.5,metadata,difficulty_raw=easy,0.13985644289261415
prompt_disjoint,0.5,metadata,difficulty_raw=Non-violent crimes,0.12967167261526027
prompt_disjoint,0.5,metadata,difficulty_raw=landmarks_mcq,0.12315478081538216
prompt_disjoint,0.5,metadata,task_type=idea,0.11058321063891427
prompt_disjoint,0.5,metadata,difficulty_raw=Illegal goods and services,0.10852421019084567
prompt_disjoint,0.5,metadata,"difficulty_raw=Hate, harassment and discrimination",0.10532347290375943
prompt_disjoint,0.5,length,gen_model=gemma4_31b,0.40470626703825185
prompt_disjoint,0.5,length,gen_model=qwen35_27b,0.37752993462070944
prompt_disjoint,0.5,length,task_type=safety,0.30715877737304753
prompt_disjoint,0.5,length,gen_model=qwen35_9b,0.29267273515641673
prompt_disjoint,0.5,length,gen_model=qwen35_4b,0.29010185810059924
prompt_disjoint,0.5,length,task_type=math,-0.2592158194619785
prompt_disjoint,0.5,length,difficulty_raw=Sexual content,0.23721849609224838
prompt_disjoint,0.5,length,task_type=moral,-0.22540520808587797
prompt_disjoint,0.5,length,difficulty_raw=hard,-0.22344417852736817
prompt_disjoint,0.5,length,gen_model=gemma4_e4b,0.20155702407978793
prompt_disjoint,0.5,length,difficulty_raw=applicable_actions_mc,0.20011010958460376
prompt_disjoint,0.5,length,task_type=planning,0.18345006450714732
prompt_disjoint,0.5,length,difficulty_raw=progression_mcq,0.18332049754736857
prompt_disjoint,0.5,length,difficulty_raw=validation_mcq,-0.15497611824934812
prompt_disjoint,0.5,length,difficulty_raw=easy,0.13975896063810567
prompt_disjoint,0.5,length,difficulty_raw=Non-violent crimes,0.1292327297234883
prompt_disjoint,0.5,length,difficulty_raw=landmarks_mcq,0.12372363695244429
prompt_disjoint,0.5,length,task_type=idea,0.11030887272638026
prompt_disjoint,0.5,length,difficulty_raw=Illegal goods and services,0.10819204381849616
prompt_disjoint,0.5,length,gen_model=reasoner,0.10527560880259729
prompt_disjoint,0.5,counts,gen_model=gemma4_31b,0.453708140317016
prompt_disjoint,0.5,counts,gen_model=qwen35_27b,0.40839923507417913
prompt_disjoint,0.5,counts,gen_model=qwen35_9b,0.32359190298773066
prompt_disjoint,0.5,counts,gen_model=qwen35_4b,0.31930217078574913
prompt_disjoint,0.5,counts,task_type=math,-0.31187759359937584
prompt_disjoint,0.5,counts,task_type=safety,0.310719668191841
prompt_disjoint,0.5,counts,difficulty_raw=Sexual content,0.2378333955394085
prompt_disjoint,0.5,counts,difficulty_raw=hard,-0.22742298995534788
prompt_disjoint,0.5,counts,task_type=moral,-0.21747762749454963
prompt_disjoint,0.5,counts,difficulty_raw=validation_mcq,-0.21049676541811993
prompt_disjoint,0.5,counts,task_type=idea,0.19849265009519187
prompt_disjoint,0.5,counts,gen_model=gemma4_e4b,0.19662870389368983
prompt_disjoint,0.5,counts,difficulty_raw=applicable_actions_mc,0.18474789214997453
prompt_disjoint,0.5,counts,gen_model=reasoner,0.1841400190209138
prompt_disjoint,0.5,counts,difficulty_raw=progression_mcq,0.1666908976043706
prompt_disjoint,0.5,counts,task_type=planning,0.15607112764258352
prompt_disjoint,0.5,counts,difficulty_raw=landmarks_mcq,0.15176083467297985
prompt_disjoint,0.5,counts,rate_verification,0.15146450911556975
prompt_disjoint,0.5,counts,rate_backtracking,-0.13628223273880813
prompt_disjoint,0.5,counts,difficulty_raw=easy,0.13091523591797902
prompt_disjoint,0.5,temporal,rate_subgoal,0.5620530342918978
prompt_disjoint,0.5,temporal,rate_verification,0.48364955910253116
prompt_disjoint,0.5,temporal,gen_model=gemma4_31b,0.46164826471633047
prompt_disjoint,0.5,temporal,gen_model=qwen35_27b,0.42647107557669783
prompt_disjoint,0.5,temporal,gen_model=qwen35_9b,0.34146959163605
prompt_disjoint,0.5,temporal,gen_model=qwen35_4b,0.33446377839772756
prompt_disjoint,0.5,temporal,task_type=math,-0.3316187499011099
prompt_disjoint,0.5,temporal,task_type=safety,0.31559264378105106
prompt_disjoint,0.5,temporal,difficulty_raw=Sexual content,0.23854385450136834
prompt_disjoint,0.5,temporal,bin0_subgoal,-0.23113371292587026
prompt_disjoint,0.5,temporal,difficulty_raw=hard,-0.22673563247919384
prompt_disjoint,0.5,temporal,gen_model=gemma4_e4b,0.21811706852502435
prompt_disjoint,0.5,temporal,task_type=moral,-0.20927896845573413
prompt_disjoint,0.5,temporal,difficulty_raw=validation_mcq,-0.2056156147964739
prompt_disjoint,0.5,temporal,bin2_subgoal,-0.20275271680371312
prompt_disjoint,0.5,temporal,task_type=idea,0.20016671517030013
prompt_disjoint,0.5,temporal,bin1_subgoal,-0.19833582423014218
prompt_disjoint,0.5,temporal,gen_model=reasoner,0.1862226946602558
prompt_disjoint,0.5,temporal,difficulty_raw=applicable_actions_mc,0.18310917592709303
prompt_disjoint,0.5,temporal,bin3_subgoal,-0.18120750980210898
prompt_disjoint,0.5,time_shuffled,gen_model=gemma4_31b,0.4537186940283304
prompt_disjoint,0.5,time_shuffled,gen_model=qwen35_27b,0.40840297907453105
prompt_disjoint,0.5,time_shuffled,gen_model=qwen35_9b,0.3235956969679328
prompt_disjoint,0.5,time_shuffled,gen_model=qwen35_4b,0.3193056322644131
prompt_disjoint,0.5,time_shuffled,task_type=math,-0.3118916105487569
prompt_disjoint,0.5,time_shuffled,task_type=safety,0.31072373756496974
prompt_disjoint,0.5,time_shuffled,difficulty_raw=Sexual content,0.23783451395524802
prompt_disjoint,0.5,time_shuffled,difficulty_raw=hard,-0.227424541273685
prompt_disjoint,0.5,time_shuffled,task_type=moral,-0.21747002965099435
prompt_disjoint,0.5,time_shuffled,difficulty_raw=validation_mcq,-0.21051695837171533
prompt_disjoint,0.5,time_shuffled,task_type=idea,0.19851472307579945
prompt_disjoint,0.5,time_shuffled,gen_model=gemma4_e4b,0.1966278110909586
prompt_disjoint,0.5,time_shuffled,difficulty_raw=applicable_actions_mc,0.1847413750641108
prompt_disjoint,0.5,time_shuffled,gen_model=reasoner,0.18416153384231893
prompt_disjoint,0.5,time_shuffled,difficulty_raw=progression_mcq,0.1666863328851289
prompt_disjoint,0.5,time_shuffled,task_type=planning,0.15606057685733743
prompt_disjoint,0.5,time_shuffled,difficulty_raw=landmarks_mcq,0.15176944036498297
prompt_disjoint,0.5,time_shuffled,difficulty_raw=easy,0.13091242953199747
prompt_disjoint,0.5,time_shuffled,difficulty_raw=Non-violent crimes,0.1272481632447914
prompt_disjoint,0.5,time_shuffled,difficulty_raw=Illegal goods and services,0.10963234104620934
random_trace,0.5,metadata,gen_model=gemma4_31b,0.40375872879757163
random_trace,0.5,metadata,gen_model=qwen35_27b,0.37217292208723074
random_trace,0.5,metadata,task_type=safety,0.30808429507618296
random_trace,0.5,metadata,gen_model=qwen35_9b,0.28683183048033306
random_trace,0.5,metadata,gen_model=qwen35_4b,0.28458087045743763
random_trace,0.5,metadata,task_type=math,-0.25754975934403357
random_trace,0.5,metadata,difficulty_raw=Sexual content,0.23754904244412836
random_trace,0.5,metadata,difficulty_raw=hard,-0.22632921176607682
random_trace,0.5,metadata,task_type=moral,-0.22397288451796057
random_trace,0.5,metadata,gen_model=gemma4_e4b,0.2010353658686583
random_trace,0.5,metadata,difficulty_raw=applicable_actions_mc,0.200208197361989
random_trace,0.5,metadata,difficulty_raw=progression_mcq,0.18383185149873338
random_trace,0.5,metadata,task_type=planning,0.18276312624608032
random_trace,0.5,metadata,difficulty_raw=validation_mcq,-0.15583797235968236
random_trace,0.5,metadata,difficulty_raw=easy,0.13985644289261415
random_trace,0.5,metadata,difficulty_raw=Non-violent crimes,0.12967167261526027
random_trace,0.5,metadata,difficulty_raw=landmarks_mcq,0.12315478081538216
random_trace,0.5,metadata,task_type=idea,0.11058321063891427
random_trace,0.5,metadata,difficulty_raw=Illegal goods and services,0.10852421019084567
random_trace,0.5,metadata,"difficulty_raw=Hate, harassment and discrimination",0.10532347290375943
random_trace,0.5,length,gen_model=gemma4_31b,0.40470626703825185
random_trace,0.5,length,gen_model=qwen35_27b,0.37752993462070944
random_trace,0.5,length,task_type=safety,0.30715877737304753
random_trace,0.5,length,gen_model=qwen35_9b,0.29267273515641673
random_trace,0.5,length,gen_model=qwen35_4b,0.29010185810059924
random_trace,0.5,length,task_type=math,-0.2592158194619785
random_trace,0.5,length,difficulty_raw=Sexual content,0.23721849609224838
random_trace,0.5,length,task_type=moral,-0.22540520808587797
random_trace,0.5,length,difficulty_raw=hard,-0.22344417852736817
random_trace,0.5,length,gen_model=gemma4_e4b,0.20155702407978793
random_trace,0.5,length,difficulty_raw=applicable_actions_mc,0.20011010958460376
random_trace,0.5,length,task_type=planning,0.18345006450714732
random_trace,0.5,length,difficulty_raw=progression_mcq,0.18332049754736857
random_trace,0.5,length,difficulty_raw=validation_mcq,-0.15497611824934812
random_trace,0.5,length,difficulty_raw=easy,0.13975896063810567
random_trace,0.5,length,difficulty_raw=Non-violent crimes,0.1292327297234883
random_trace,0.5,length,difficulty_raw=landmarks_mcq,0.12372363695244429
random_trace,0.5,length,task_type=idea,0.11030887272638026
random_trace,0.5,length,difficulty_raw=Illegal goods and services,0.10819204381849616
random_trace,0.5,length,gen_model=reasoner,0.10527560880259729
random_trace,0.5,counts,gen_model=gemma4_31b,0.453708140317016
random_trace,0.5,counts,gen_model=qwen35_27b,0.40839923507417913
random_trace,0.5,counts,gen_model=qwen35_9b,0.32359190298773066
random_trace,0.5,counts,gen_model=qwen35_4b,0.31930217078574913
random_trace,0.5,counts,task_type=math,-0.31187759359937584
random_trace,0.5,counts,task_type=safety,0.310719668191841
random_trace,0.5,counts,difficulty_raw=Sexual content,0.2378333955394085
random_trace,0.5,counts,difficulty_raw=hard,-0.22742298995534788
random_trace,0.5,counts,task_type=moral,-0.21747762749454963
random_trace,0.5,counts,difficulty_raw=validation_mcq,-0.21049676541811993
random_trace,0.5,counts,task_type=idea,0.19849265009519187
random_trace,0.5,counts,gen_model=gemma4_e4b,0.19662870389368983
random_trace,0.5,counts,difficulty_raw=applicable_actions_mc,0.18474789214997453
random_trace,0.5,counts,gen_model=reasoner,0.1841400190209138
random_trace,0.5,counts,difficulty_raw=progression_mcq,0.1666908976043706
random_trace,0.5,counts,task_type=planning,0.15607112764258352
random_trace,0.5,counts,difficulty_raw=landmarks_mcq,0.15176083467297985
random_trace,0.5,counts,rate_verification,0.15146450911556975
random_trace,0.5,counts,rate_backtracking,-0.13628223273880813
random_trace,0.5,counts,difficulty_raw=easy,0.13091523591797902
random_trace,0.5,temporal,rate_subgoal,0.5620530342918978
random_trace,0.5,temporal,rate_verification,0.48364955910253116
random_trace,0.5,temporal,gen_model=gemma4_31b,0.46164826471633047
random_trace,0.5,temporal,gen_model=qwen35_27b,0.42647107557669783
random_trace,0.5,temporal,gen_model=qwen35_9b,0.34146959163605
random_trace,0.5,temporal,gen_model=qwen35_4b,0.33446377839772756
random_trace,0.5,temporal,task_type=math,-0.3316187499011099
random_trace,0.5,temporal,task_type=safety,0.31559264378105106
random_trace,0.5,temporal,difficulty_raw=Sexual content,0.23854385450136834
random_trace,0.5,temporal,bin0_subgoal,-0.23113371292587026
random_trace,0.5,temporal,difficulty_raw=hard,-0.22673563247919384
random_trace,0.5,temporal,gen_model=gemma4_e4b,0.21811706852502435
random_trace,0.5,temporal,task_type=moral,-0.20927896845573413
random_trace,0.5,temporal,difficulty_raw=validation_mcq,-0.2056156147964739
random_trace,0.5,temporal,bin2_subgoal,-0.20275271680371312
random_trace,0.5,temporal,task_type=idea,0.20016671517030013
random_trace,0.5,temporal,bin1_subgoal,-0.19833582423014218
random_trace,0.5,temporal,gen_model=reasoner,0.1862226946602558
random_trace,0.5,temporal,difficulty_raw=applicable_actions_mc,0.18310917592709303
random_trace,0.5,temporal,bin3_subgoal,-0.18120750980210898
random_trace,0.5,time_shuffled,gen_model=gemma4_31b,0.4537186940283304
random_trace,0.5,time_shuffled,gen_model=qwen35_27b,0.40840297907453105
random_trace,0.5,time_shuffled,gen_model=qwen35_9b,0.3235956969679328
random_trace,0.5,time_shuffled,gen_model=qwen35_4b,0.3193056322644131
random_trace,0.5,time_shuffled,task_type=math,-0.3118916105487569
random_trace,0.5,time_shuffled,task_type=safety,0.31072373756496974
random_trace,0.5,time_shuffled,difficulty_raw=Sexual content,0.23783451395524802
random_trace,0.5,time_shuffled,difficulty_raw=hard,-0.227424541273685
random_trace,0.5,time_shuffled,task_type=moral,-0.21747002965099435
random_trace,0.5,time_shuffled,difficulty_raw=validation_mcq,-0.21051695837171533
random_trace,0.5,time_shuffled,task_type=idea,0.19851472307579945
random_trace,0.5,time_shuffled,gen_model=gemma4_e4b,0.1966278110909586
random_trace,0.5,time_shuffled,difficulty_raw=applicable_actions_mc,0.1847413750641108
random_trace,0.5,time_shuffled,gen_model=reasoner,0.18416153384231893
random_trace,0.5,time_shuffled,difficulty_raw=progression_mcq,0.1666863328851289
random_trace,0.5,time_shuffled,task_type=planning,0.15606057685733743
random_trace,0.5,time_shuffled,difficulty_raw=landmarks_mcq,0.15176944036498297
random_trace,0.5,time_shuffled,difficulty_raw=easy,0.13091242953199747
random_trace,0.5,time_shuffled,difficulty_raw=Non-violent crimes,0.1272481632447914
random_trace,0.5,time_shuffled,difficulty_raw=Illegal goods and services,0.10963234104620934
prompt_disjoint,0.75,metadata,gen_model=gemma4_31b,0.40375872879757163
prompt_disjoint,0.75,metadata,gen_model=qwen35_27b,0.37217292208723074
prompt_disjoint,0.75,metadata,task_type=safety,0.30808429507618296
prompt_disjoint,0.75,metadata,gen_model=qwen35_9b,0.28683183048033306
prompt_disjoint,0.75,metadata,gen_model=qwen35_4b,0.28458087045743763
prompt_disjoint,0.75,metadata,task_type=math,-0.25754975934403357
prompt_disjoint,0.75,metadata,difficulty_raw=Sexual content,0.23754904244412836
prompt_disjoint,0.75,metadata,difficulty_raw=hard,-0.22632921176607682
prompt_disjoint,0.75,metadata,task_type=moral,-0.22397288451796057
prompt_disjoint,0.75,metadata,gen_model=gemma4_e4b,0.2010353658686583
prompt_disjoint,0.75,metadata,difficulty_raw=applicable_actions_mc,0.200208197361989
prompt_disjoint,0.75,metadata,difficulty_raw=progression_mcq,0.18383185149873338
prompt_disjoint,0.75,metadata,task_type=planning,0.18276312624608032
prompt_disjoint,0.75,metadata,difficulty_raw=validation_mcq,-0.15583797235968236
prompt_disjoint,0.75,metadata,difficulty_raw=easy,0.13985644289261415
prompt_disjoint,0.75,metadata,difficulty_raw=Non-violent crimes,0.12967167261526027
prompt_disjoint,0.75,metadata,difficulty_raw=landmarks_mcq,0.12315478081538216
prompt_disjoint,0.75,metadata,task_type=idea,0.11058321063891427
prompt_disjoint,0.75,metadata,difficulty_raw=Illegal goods and services,0.10852421019084567
prompt_disjoint,0.75,metadata,"difficulty_raw=Hate, harassment and discrimination",0.10532347290375943
prompt_disjoint,0.75,length,gen_model=gemma4_31b,0.4047097007739036
prompt_disjoint,0.75,length,gen_model=qwen35_27b,0.3775484014485726
prompt_disjoint,0.75,length,task_type=safety,0.30715563766607534
prompt_disjoint,0.75,length,gen_model=qwen35_9b,0.2926927287270665
prompt_disjoint,0.75,length,gen_model=qwen35_4b,0.2901208250085903
prompt_disjoint,0.75,length,task_type=math,-0.2592218538279419
prompt_disjoint,0.75,length,difficulty_raw=Sexual content,0.2372173080409711
prompt_disjoint,0.75,length,task_type=moral,-0.2254101557552482
prompt_disjoint,0.75,length,difficulty_raw=hard,-0.2234342943505235
prompt_disjoint,0.75,length,gen_model=gemma4_e4b,0.2015588614557046
prompt_disjoint,0.75,length,difficulty_raw=applicable_actions_mc,0.20010970850281148
prompt_disjoint,0.75,length,task_type=planning,0.1834524899901494
prompt_disjoint,0.75,length,difficulty_raw=progression_mcq,0.18331898322911913
prompt_disjoint,0.75,length,difficulty_raw=validation_mcq,-0.15497334283420666
prompt_disjoint,0.75,length,difficulty_raw=easy,0.13975889737228842
prompt_disjoint,0.75,length,difficulty_raw=Non-violent crimes,0.1292314034434893
prompt_disjoint,0.75,length,difficulty_raw=landmarks_mcq,0.12372567267017666
prompt_disjoint,0.75,length,task_type=idea,0.11030798104908286
prompt_disjoint,0.75,length,difficulty_raw=Illegal goods and services,0.10819086425600849
prompt_disjoint,0.75,length,gen_model=reasoner,0.10528189411385451
prompt_disjoint,0.75,counts,gen_model=gemma4_31b,0.45447996569473087
prompt_disjoint,0.75,counts,gen_model=qwen35_27b,0.3982252285023357
prompt_disjoint,0.75,counts,task_type=math,-0.3198491496244983
prompt_disjoint,0.75,counts,gen_model=qwen35_9b,0.31580092912731933
prompt_disjoint,0.75,counts,gen_model=qwen35_4b,0.31285974945917683
prompt_disjoint,0.75,counts,task_type=safety,0.3124623385677234
prompt_disjoint,0.75,counts,difficulty_raw=Sexual content,0.23842330660395866
prompt_disjoint,0.75,counts,difficulty_raw=hard,-0.23222332347766547
prompt_disjoint,0.75,counts,difficulty_raw=validation_mcq,-0.22176606019885203
prompt_disjoint,0.75,counts,task_type=moral,-0.21519582335444315
prompt_disjoint,0.75,counts,task_type=idea,0.21425770132916808
prompt_disjoint,0.75,counts,gen_model=reasoner,0.19801912156466198
prompt_disjoint,0.75,counts,gen_model=gemma4_e4b,0.1884003472528725
prompt_disjoint,0.75,counts,difficulty_raw=applicable_actions_mc,0.1773160205783163
prompt_disjoint,0.75,counts,rate_verification,0.17610777101903294
prompt_disjoint,0.75,counts,difficulty_raw=landmarks_mcq,0.16347069516161095
prompt_disjoint,0.75,counts,rate_backtracking,-0.15960404627424174
prompt_disjoint,0.75,counts,difficulty_raw=progression_mcq,0.1590301793152417
prompt_disjoint,0.75,counts,task_type=planning,0.1489969246132402
prompt_disjoint,0.75,counts,difficulty_raw=Non-violent crimes,0.12704456163984307
prompt_disjoint,0.75,temporal,rate_verification,0.7279431126355276
prompt_disjoint,0.75,temporal,gen_model=gemma4_31b,0.45043741122730985
prompt_disjoint,0.75,temporal,gen_model=qwen35_27b,0.4068996806252376
prompt_disjoint,0.75,temporal,rate_subgoal,0.3946160792661835
prompt_disjoint,0.75,temporal,rate_Conflict_of_Perspectives,-0.3433625959442484
prompt_disjoint,0.75,temporal,task_type=math,-0.3269421121061459
prompt_disjoint,0.75,temporal,gen_model=qwen35_9b,0.3243468863276605
prompt_disjoint,0.75,temporal,gen_model=qwen35_4b,0.31951964548734363
prompt_disjoint,0.75,temporal,task_type=safety,0.3140013993345145
prompt_disjoint,0.75,temporal,bin3_verification,-0.24646863286920354
prompt_disjoint,0.75,temporal,difficulty_raw=Sexual content,0.23804184518588134
prompt_disjoint,0.75,temporal,difficulty_raw=hard,-0.23275769857528028
prompt_disjoint,0.75,temporal,difficulty_raw=validation_mcq,-0.21749400996838586
prompt_disjoint,0.75,temporal,task_type=idea,0.2136672655283612
prompt_disjoint,0.75,temporal,task_type=moral,-0.21153616126177585
prompt_disjoint,0.75,temporal,bin2_verification,-0.20176028983550492
prompt_disjoint,0.75,temporal,gen_model=gemma4_e4b,0.1982192760369907
prompt_disjoint,0.75,temporal,gen_model=reasoner,0.1946279794577313
prompt_disjoint,0.75,temporal,bin0_verification,-0.17839708141970578
prompt_disjoint,0.75,temporal,difficulty_raw=applicable_actions_mc,0.1770559651722441
prompt_disjoint,0.75,time_shuffled,gen_model=gemma4_31b,0.45449063426067576
prompt_disjoint,0.75,time_shuffled,gen_model=qwen35_27b,0.39822712142436617
prompt_disjoint,0.75,time_shuffled,task_type=math,-0.31986407793070504
prompt_disjoint,0.75,time_shuffled,gen_model=qwen35_9b,0.31580337736782454
prompt_disjoint,0.75,time_shuffled,gen_model=qwen35_4b,0.31286217941703626
prompt_disjoint,0.75,time_shuffled,task_type=safety,0.31246772540869056
prompt_disjoint,0.75,time_shuffled,difficulty_raw=Sexual content,0.23842509739685694
prompt_disjoint,0.75,time_shuffled,difficulty_raw=hard,-0.23222636101893293
prompt_disjoint,0.75,time_shuffled,difficulty_raw=validation_mcq,-0.22178835724623008
prompt_disjoint,0.75,time_shuffled,task_type=moral,-0.21518798979855966
prompt_disjoint,0.75,time_shuffled,task_type=idea,0.21428412396252158
prompt_disjoint,0.75,time_shuffled,gen_model=reasoner,0.19804269558704
prompt_disjoint,0.75,time_shuffled,gen_model=gemma4_e4b,0.18839770609753154
prompt_disjoint,0.75,time_shuffled,difficulty_raw=applicable_actions_mc,0.177306719359054
prompt_disjoint,0.75,time_shuffled,difficulty_raw=landmarks_mcq,0.16348371544626003
prompt_disjoint,0.75,time_shuffled,difficulty_raw=progression_mcq,0.1590221909286216
prompt_disjoint,0.75,time_shuffled,task_type=planning,0.14898446870051518
prompt_disjoint,0.75,time_shuffled,difficulty_raw=Non-violent crimes,0.1270460044184959
prompt_disjoint,0.75,time_shuffled,difficulty_raw=easy,0.12660162642315773
prompt_disjoint,0.75,time_shuffled,"difficulty_raw=Hate, harassment and discrimination",0.11115152035064087
random_trace,0.75,metadata,gen_model=gemma4_31b,0.40375872879757163
random_trace,0.75,metadata,gen_model=qwen35_27b,0.37217292208723074
random_trace,0.75,metadata,task_type=safety,0.30808429507618296
random_trace,0.75,metadata,gen_model=qwen35_9b,0.28683183048033306
random_trace,0.75,metadata,gen_model=qwen35_4b,0.28458087045743763
random_trace,0.75,metadata,task_type=math,-0.25754975934403357
random_trace,0.75,metadata,difficulty_raw=Sexual content,0.23754904244412836
random_trace,0.75,metadata,difficulty_raw=hard,-0.22632921176607682
random_trace,0.75,metadata,task_type=moral,-0.22397288451796057
random_trace,0.75,metadata,gen_model=gemma4_e4b,0.2010353658686583
random_trace,0.75,metadata,difficulty_raw=applicable_actions_mc,0.200208197361989
random_trace,0.75,metadata,difficulty_raw=progression_mcq,0.18383185149873338
random_trace,0.75,metadata,task_type=planning,0.18276312624608032
random_trace,0.75,metadata,difficulty_raw=validation_mcq,-0.15583797235968236
random_trace,0.75,metadata,difficulty_raw=easy,0.13985644289261415
random_trace,0.75,metadata,difficulty_raw=Non-violent crimes,0.12967167261526027
random_trace,0.75,metadata,difficulty_raw=landmarks_mcq,0.12315478081538216
random_trace,0.75,metadata,task_type=idea,0.11058321063891427
random_trace,0.75,metadata,difficulty_raw=Illegal goods and services,0.10852421019084567
random_trace,0.75,metadata,"difficulty_raw=Hate, harassment and discrimination",0.10532347290375943
random_trace,0.75,length,gen_model=gemma4_31b,0.4047097007739036
random_trace,0.75,length,gen_model=qwen35_27b,0.3775484014485726
random_trace,0.75,length,task_type=safety,0.30715563766607534
random_trace,0.75,length,gen_model=qwen35_9b,0.2926927287270665
random_trace,0.75,length,gen_model=qwen35_4b,0.2901208250085903
random_trace,0.75,length,task_type=math,-0.2592218538279419
random_trace,0.75,length,difficulty_raw=Sexual content,0.2372173080409711
random_trace,0.75,length,task_type=moral,-0.2254101557552482
random_trace,0.75,length,difficulty_raw=hard,-0.2234342943505235
random_trace,0.75,length,gen_model=gemma4_e4b,0.2015588614557046
random_trace,0.75,length,difficulty_raw=applicable_actions_mc,0.20010970850281148
random_trace,0.75,length,task_type=planning,0.1834524899901494
random_trace,0.75,length,difficulty_raw=progression_mcq,0.18331898322911913
random_trace,0.75,length,difficulty_raw=validation_mcq,-0.15497334283420666
random_trace,0.75,length,difficulty_raw=easy,0.13975889737228842
random_trace,0.75,length,difficulty_raw=Non-violent crimes,0.1292314034434893
random_trace,0.75,length,difficulty_raw=landmarks_mcq,0.12372567267017666
random_trace,0.75,length,task_type=idea,0.11030798104908286
random_trace,0.75,length,difficulty_raw=Illegal goods and services,0.10819086425600849
random_trace,0.75,length,gen_model=reasoner,0.10528189411385451
random_trace,0.75,counts,gen_model=gemma4_31b,0.45447996569473087
random_trace,0.75,counts,gen_model=qwen35_27b,0.3982252285023357
random_trace,0.75,counts,task_type=math,-0.3198491496244983
random_trace,0.75,counts,gen_model=qwen35_9b,0.31580092912731933
random_trace,0.75,counts,gen_model=qwen35_4b,0.31285974945917683
random_trace,0.75,counts,task_type=safety,0.3124623385677234
random_trace,0.75,counts,difficulty_raw=Sexual content,0.23842330660395866
random_trace,0.75,counts,difficulty_raw=hard,-0.23222332347766547
random_trace,0.75,counts,difficulty_raw=validation_mcq,-0.22176606019885203
random_trace,0.75,counts,task_type=moral,-0.21519582335444315
random_trace,0.75,counts,task_type=idea,0.21425770132916808
random_trace,0.75,counts,gen_model=reasoner,0.19801912156466198
random_trace,0.75,counts,gen_model=gemma4_e4b,0.1884003472528725
random_trace,0.75,counts,difficulty_raw=applicable_actions_mc,0.1773160205783163
random_trace,0.75,counts,rate_verification,0.17610777101903294
random_trace,0.75,counts,difficulty_raw=landmarks_mcq,0.16347069516161095
random_trace,0.75,counts,rate_backtracking,-0.15960404627424174
random_trace,0.75,counts,difficulty_raw=progression_mcq,0.1590301793152417
random_trace,0.75,counts,task_type=planning,0.1489969246132402
random_trace,0.75,counts,difficulty_raw=Non-violent crimes,0.12704456163984307
random_trace,0.75,temporal,rate_verification,0.7279431126355276
random_trace,0.75,temporal,gen_model=gemma4_31b,0.45043741122730985
random_trace,0.75,temporal,gen_model=qwen35_27b,0.4068996806252376
random_trace,0.75,temporal,rate_subgoal,0.3946160792661835
random_trace,0.75,temporal,rate_Conflict_of_Perspectives,-0.3433625959442484
random_trace,0.75,temporal,task_type=math,-0.3269421121061459
random_trace,0.75,temporal,gen_model=qwen35_9b,0.3243468863276605
random_trace,0.75,temporal,gen_model=qwen35_4b,0.31951964548734363
random_trace,0.75,temporal,task_type=safety,0.3140013993345145
random_trace,0.75,temporal,bin3_verification,-0.24646863286920354
random_trace,0.75,temporal,difficulty_raw=Sexual content,0.23804184518588134
random_trace,0.75,temporal,difficulty_raw=hard,-0.23275769857528028
random_trace,0.75,temporal,difficulty_raw=validation_mcq,-0.21749400996838586
random_trace,0.75,temporal,task_type=idea,0.2136672655283612
random_trace,0.75,temporal,task_type=moral,-0.21153616126177585
random_trace,0.75,temporal,bin2_verification,-0.20176028983550492
random_trace,0.75,temporal,gen_model=gemma4_e4b,0.1982192760369907
random_trace,0.75,temporal,gen_model=reasoner,0.1946279794577313
random_trace,0.75,temporal,bin0_verification,-0.17839708141970578
random_trace,0.75,temporal,difficulty_raw=applicable_actions_mc,0.1770559651722441
random_trace,0.75,time_shuffled,gen_model=gemma4_31b,0.45449063426067576
random_trace,0.75,time_shuffled,gen_model=qwen35_27b,0.39822712142436617
random_trace,0.75,time_shuffled,task_type=math,-0.31986407793070504
random_trace,0.75,time_shuffled,gen_model=qwen35_9b,0.31580337736782454
random_trace,0.75,time_shuffled,gen_model=qwen35_4b,0.31286217941703626
random_trace,0.75,time_shuffled,task_type=safety,0.31246772540869056
random_trace,0.75,time_shuffled,difficulty_raw=Sexual content,0.23842509739685694
random_trace,0.75,time_shuffled,difficulty_raw=hard,-0.23222636101893293
random_trace,0.75,time_shuffled,difficulty_raw=validation_mcq,-0.22178835724623008
random_trace,0.75,time_shuffled,task_type=moral,-0.21518798979855966
random_trace,0.75,time_shuffled,task_type=idea,0.21428412396252158
random_trace,0.75,time_shuffled,gen_model=reasoner,0.19804269558704
random_trace,0.75,time_shuffled,gen_model=gemma4_e4b,0.18839770609753154
random_trace,0.75,time_shuffled,difficulty_raw=applicable_actions_mc,0.177306719359054
random_trace,0.75,time_shuffled,difficulty_raw=landmarks_mcq,0.16348371544626003
random_trace,0.75,time_shuffled,difficulty_raw=progression_mcq,0.1590221909286216
random_trace,0.75,time_shuffled,task_type=planning,0.14898446870051518
random_trace,0.75,time_shuffled,difficulty_raw=Non-violent crimes,0.1270460044184959
random_trace,0.75,time_shuffled,difficulty_raw=easy,0.12660162642315773
random_trace,0.75,time_shuffled,"difficulty_raw=Hate, harassment and discrimination",0.11115152035064087
prompt_disjoint,1.0,metadata,gen_model=gemma4_31b,0.40375872879757163
prompt_disjoint,1.0,metadata,gen_model=qwen35_27b,0.37217292208723074
prompt_disjoint,1.0,metadata,task_type=safety,0.30808429507618296
prompt_disjoint,1.0,metadata,gen_model=qwen35_9b,0.28683183048033306
prompt_disjoint,1.0,metadata,gen_model=qwen35_4b,0.28458087045743763
prompt_disjoint,1.0,metadata,task_type=math,-0.25754975934403357
prompt_disjoint,1.0,metadata,difficulty_raw=Sexual content,0.23754904244412836
prompt_disjoint,1.0,metadata,difficulty_raw=hard,-0.22632921176607682
prompt_disjoint,1.0,metadata,task_type=moral,-0.22397288451796057
prompt_disjoint,1.0,metadata,gen_model=gemma4_e4b,0.2010353658686583
prompt_disjoint,1.0,metadata,difficulty_raw=applicable_actions_mc,0.200208197361989
prompt_disjoint,1.0,metadata,difficulty_raw=progression_mcq,0.18383185149873338
prompt_disjoint,1.0,metadata,task_type=planning,0.18276312624608032
prompt_disjoint,1.0,metadata,difficulty_raw=validation_mcq,-0.15583797235968236
prompt_disjoint,1.0,metadata,difficulty_raw=easy,0.13985644289261415
prompt_disjoint,1.0,metadata,difficulty_raw=Non-violent crimes,0.12967167261526027
prompt_disjoint,1.0,metadata,difficulty_raw=landmarks_mcq,0.12315478081538216
prompt_disjoint,1.0,metadata,task_type=idea,0.11058321063891427
prompt_disjoint,1.0,metadata,difficulty_raw=Illegal goods and services,0.10852421019084567
prompt_disjoint,1.0,metadata,"difficulty_raw=Hate, harassment and discrimination",0.10532347290375943
prompt_disjoint,1.0,length,gen_model=gemma4_31b,0.4047086404806413
prompt_disjoint,1.0,length,gen_model=qwen35_27b,0.37754210936040067
prompt_disjoint,1.0,length,task_type=safety,0.30715654029749634
prompt_disjoint,1.0,length,gen_model=qwen35_9b,0.29268579761250463
prompt_disjoint,1.0,length,gen_model=qwen35_4b,0.29011428329634265
prompt_disjoint,1.0,length,task_type=math,-0.2592197558831604
prompt_disjoint,1.0,length,difficulty_raw=Sexual content,0.23721726057793766
prompt_disjoint,1.0,length,task_type=moral,-0.22540835998811462
prompt_disjoint,1.0,length,difficulty_raw=hard,-0.22343772299185788
prompt_disjoint,1.0,length,gen_model=gemma4_e4b,0.2015582433021068
prompt_disjoint,1.0,length,difficulty_raw=applicable_actions_mc,0.20010979683895436
prompt_disjoint,1.0,length,task_type=planning,0.18345166377228506
prompt_disjoint,1.0,length,difficulty_raw=progression_mcq,0.18331962902501145
prompt_disjoint,1.0,length,difficulty_raw=validation_mcq,-0.15497427762796
prompt_disjoint,1.0,length,difficulty_raw=easy,0.1397589827030451
prompt_disjoint,1.0,length,difficulty_raw=Non-violent crimes,0.12923210852251837
prompt_disjoint,1.0,length,difficulty_raw=landmarks_mcq,0.12372491776623691
prompt_disjoint,1.0,length,task_type=idea,0.11030820787885444
prompt_disjoint,1.0,length,difficulty_raw=Illegal goods and services,0.10819152632710738
prompt_disjoint,1.0,length,gen_model=reasoner,0.1052797611889287
prompt_disjoint,1.0,counts,gen_model=gemma4_31b,0.45414135934185906
prompt_disjoint,1.0,counts,gen_model=qwen35_27b,0.4073985407127939
prompt_disjoint,1.0,counts,task_type=math,-0.33604689532670545
prompt_disjoint,1.0,counts,gen_model=qwen35_9b,0.32491172341712904
prompt_disjoint,1.0,counts,gen_model=qwen35_4b,0.32280197820233225
prompt_disjoint,1.0,counts,task_type=safety,0.31838951571728324
prompt_disjoint,1.0,counts,difficulty_raw=hard,-0.23993218062937993
prompt_disjoint,1.0,counts,difficulty_raw=Sexual content,0.23883388843970052
prompt_disjoint,1.0,counts,difficulty_raw=validation_mcq,-0.2330255700171094
prompt_disjoint,1.0,counts,gen_model=reasoner,0.22792660371028417
prompt_disjoint,1.0,counts,task_type=idea,0.22074716646018513
prompt_disjoint,1.0,counts,rate_verification,0.2026540740427039
prompt_disjoint,1.0,counts,task_type=moral,-0.197329231885864
prompt_disjoint,1.0,counts,gen_model=gemma4_e4b,0.19675002386900417
prompt_disjoint,1.0,counts,difficulty_raw=applicable_actions_mc,0.17505935594824504
prompt_disjoint,1.0,counts,rate_backtracking,-0.1720750464428543
prompt_disjoint,1.0,counts,difficulty_raw=landmarks_mcq,0.1719021333509558
prompt_disjoint,1.0,counts,rate_Conflict_of_Perspectives,-0.15365881488460761
prompt_disjoint,1.0,counts,difficulty_raw=progression_mcq,0.15148856770363234
prompt_disjoint,1.0,counts,task_type=planning,0.14323699982847277
prompt_disjoint,1.0,temporal,rate_backtracking,1.1410757997269603
prompt_disjoint,1.0,temporal,rate_verification,-1.0202772779750555
prompt_disjoint,1.0,temporal,rate_Question_and_Answering,-1.0175503278975824
prompt_disjoint,1.0,temporal,bin3_verification,0.5602749748013409
prompt_disjoint,1.0,temporal,bin2_backtracking,-0.4855879279034255
prompt_disjoint,1.0,temporal,bin3_backtracking,-0.4760402704492126
prompt_disjoint,1.0,temporal,gen_model=gemma4_31b,0.46655406699734203
prompt_disjoint,1.0,temporal,rate_Reconciliation,0.4371839688589607
prompt_disjoint,1.0,temporal,gen_model=qwen35_27b,0.42160753267956713
prompt_disjoint,1.0,temporal,bin1_verification,0.4184435564959037
prompt_disjoint,1.0,temporal,bin1_backtracking,-0.41614911429590373
prompt_disjoint,1.0,temporal,bin2_Question_and_Answering,0.3968100637783498
prompt_disjoint,1.0,temporal,bin3_Question_and_Answering,0.38865381699390417
prompt_disjoint,1.0,temporal,bin2_verification,0.38148239579329574
prompt_disjoint,1.0,temporal,bin1_Question_and_Answering,0.34630057805621384
prompt_disjoint,1.0,temporal,task_type=math,-0.343059251384997
prompt_disjoint,1.0,temporal,gen_model=qwen35_9b,0.3380786552559168
prompt_disjoint,1.0,temporal,gen_model=qwen35_4b,0.33296077354192005
prompt_disjoint,1.0,temporal,task_type=safety,0.323535333730003
prompt_disjoint,1.0,temporal,bin0_backtracking,-0.30304483424450557
prompt_disjoint,1.0,time_shuffled,gen_model=gemma4_31b,0.4541507262321415
prompt_disjoint,1.0,time_shuffled,gen_model=qwen35_27b,0.4074012828294092
prompt_disjoint,1.0,time_shuffled,task_type=math,-0.3360676212544344
prompt_disjoint,1.0,time_shuffled,gen_model=qwen35_9b,0.32491508399395097
prompt_disjoint,1.0,time_shuffled,gen_model=qwen35_4b,0.32280574972354487
prompt_disjoint,1.0,time_shuffled,task_type=safety,0.3183986541506782
prompt_disjoint,1.0,time_shuffled,difficulty_raw=hard,-0.23993730455676854
prompt_disjoint,1.0,time_shuffled,difficulty_raw=Sexual content,0.2388366088891949
prompt_disjoint,1.0,time_shuffled,difficulty_raw=validation_mcq,-0.23305152965066497
prompt_disjoint,1.0,time_shuffled,gen_model=reasoner,0.22795423044970436
prompt_disjoint,1.0,time_shuffled,task_type=idea,0.2207770197258637
prompt_disjoint,1.0,time_shuffled,task_type=moral,-0.19731626162719432
prompt_disjoint,1.0,time_shuffled,gen_model=gemma4_e4b,0.1967459520141511
prompt_disjoint,1.0,time_shuffled,difficulty_raw=applicable_actions_mc,0.17504846074411154
prompt_disjoint,1.0,time_shuffled,difficulty_raw=landmarks_mcq,0.17191825641771613
prompt_disjoint,1.0,time_shuffled,difficulty_raw=progression_mcq,0.15147759020022797
prompt_disjoint,1.0,time_shuffled,task_type=planning,0.1432223033683599
prompt_disjoint,1.0,time_shuffled,difficulty_raw=Non-violent crimes,0.1282623474505863
prompt_disjoint,1.0,time_shuffled,difficulty_raw=easy,0.12146180631005811
prompt_disjoint,1.0,time_shuffled,"difficulty_raw=Hate, harassment and discrimination",0.11409505358096335
random_trace,1.0,metadata,gen_model=gemma4_31b,0.40375872879757163
random_trace,1.0,metadata,gen_model=qwen35_27b,0.37217292208723074
random_trace,1.0,metadata,task_type=safety,0.30808429507618296
random_trace,1.0,metadata,gen_model=qwen35_9b,0.28683183048033306
random_trace,1.0,metadata,gen_model=qwen35_4b,0.28458087045743763
random_trace,1.0,metadata,task_type=math,-0.25754975934403357
random_trace,1.0,metadata,difficulty_raw=Sexual content,0.23754904244412836
random_trace,1.0,metadata,difficulty_raw=hard,-0.22632921176607682
random_trace,1.0,metadata,task_type=moral,-0.22397288451796057
random_trace,1.0,metadata,gen_model=gemma4_e4b,0.2010353658686583
random_trace,1.0,metadata,difficulty_raw=applicable_actions_mc,0.200208197361989
random_trace,1.0,metadata,difficulty_raw=progression_mcq,0.18383185149873338
random_trace,1.0,metadata,task_type=planning,0.18276312624608032
random_trace,1.0,metadata,difficulty_raw=validation_mcq,-0.15583797235968236
random_trace,1.0,metadata,difficulty_raw=easy,0.13985644289261415
random_trace,1.0,metadata,difficulty_raw=Non-violent crimes,0.12967167261526027
random_trace,1.0,metadata,difficulty_raw=landmarks_mcq,0.12315478081538216
random_trace,1.0,metadata,task_type=idea,0.11058321063891427
random_trace,1.0,metadata,difficulty_raw=Illegal goods and services,0.10852421019084567
random_trace,1.0,metadata,"difficulty_raw=Hate, harassment and discrimination",0.10532347290375943
random_trace,1.0,length,gen_model=gemma4_31b,0.4047086404806413
random_trace,1.0,length,gen_model=qwen35_27b,0.37754210936040067
random_trace,1.0,length,task_type=safety,0.30715654029749634
random_trace,1.0,length,gen_model=qwen35_9b,0.29268579761250463
random_trace,1.0,length,gen_model=qwen35_4b,0.29011428329634265
random_trace,1.0,length,task_type=math,-0.2592197558831604
random_trace,1.0,length,difficulty_raw=Sexual content,0.23721726057793766
random_trace,1.0,length,task_type=moral,-0.22540835998811462
random_trace,1.0,length,difficulty_raw=hard,-0.22343772299185788
random_trace,1.0,length,gen_model=gemma4_e4b,0.2015582433021068
random_trace,1.0,length,difficulty_raw=applicable_actions_mc,0.20010979683895436
random_trace,1.0,length,task_type=planning,0.18345166377228506
random_trace,1.0,length,difficulty_raw=progression_mcq,0.18331962902501145
random_trace,1.0,length,difficulty_raw=validation_mcq,-0.15497427762796
random_trace,1.0,length,difficulty_raw=easy,0.1397589827030451
random_trace,1.0,length,difficulty_raw=Non-violent crimes,0.12923210852251837
random_trace,1.0,length,difficulty_raw=landmarks_mcq,0.12372491776623691
random_trace,1.0,length,task_type=idea,0.11030820787885444
random_trace,1.0,length,difficulty_raw=Illegal goods and services,0.10819152632710738
random_trace,1.0,length,gen_model=reasoner,0.1052797611889287
random_trace,1.0,counts,gen_model=gemma4_31b,0.45414135934185906
random_trace,1.0,counts,gen_model=qwen35_27b,0.4073985407127939
random_trace,1.0,counts,task_type=math,-0.33604689532670545
random_trace,1.0,counts,gen_model=qwen35_9b,0.32491172341712904
random_trace,1.0,counts,gen_model=qwen35_4b,0.32280197820233225
random_trace,1.0,counts,task_type=safety,0.31838951571728324
random_trace,1.0,counts,difficulty_raw=hard,-0.23993218062937993
random_trace,1.0,counts,difficulty_raw=Sexual content,0.23883388843970052
random_trace,1.0,counts,difficulty_raw=validation_mcq,-0.2330255700171094
random_trace,1.0,counts,gen_model=reasoner,0.22792660371028417
random_trace,1.0,counts,task_type=idea,0.22074716646018513
random_trace,1.0,counts,rate_verification,0.2026540740427039
random_trace,1.0,counts,task_type=moral,-0.197329231885864
random_trace,1.0,counts,gen_model=gemma4_e4b,0.19675002386900417
random_trace,1.0,counts,difficulty_raw=applicable_actions_mc,0.17505935594824504
random_trace,1.0,counts,rate_backtracking,-0.1720750464428543
random_trace,1.0,counts,difficulty_raw=landmarks_mcq,0.1719021333509558
random_trace,1.0,counts,rate_Conflict_of_Perspectives,-0.15365881488460761
random_trace,1.0,counts,difficulty_raw=progression_mcq,0.15148856770363234
random_trace,1.0,counts,task_type=planning,0.14323699982847277
random_trace,1.0,temporal,rate_backtracking,1.1410757997269603
random_trace,1.0,temporal,rate_verification,-1.0202772779750555
random_trace,1.0,temporal,rate_Question_and_Answering,-1.0175503278975824
random_trace,1.0,temporal,bin3_verification,0.5602749748013409
random_trace,1.0,temporal,bin2_backtracking,-0.4855879279034255
random_trace,1.0,temporal,bin3_backtracking,-0.4760402704492126
random_trace,1.0,temporal,gen_model=gemma4_31b,0.46655406699734203
random_trace,1.0,temporal,rate_Reconciliation,0.4371839688589607
random_trace,1.0,temporal,gen_model=qwen35_27b,0.42160753267956713
random_trace,1.0,temporal,bin1_verification,0.4184435564959037
random_trace,1.0,temporal,bin1_backtracking,-0.41614911429590373
random_trace,1.0,temporal,bin2_Question_and_Answering,0.3968100637783498
random_trace,1.0,temporal,bin3_Question_and_Answering,0.38865381699390417
random_trace,1.0,temporal,bin2_verification,0.38148239579329574
random_trace,1.0,temporal,bin1_Question_and_Answering,0.34630057805621384
random_trace,1.0,temporal,task_type=math,-0.343059251384997
random_trace,1.0,temporal,gen_model=qwen35_9b,0.3380786552559168
random_trace,1.0,temporal,gen_model=qwen35_4b,0.33296077354192005
random_trace,1.0,temporal,task_type=safety,0.323535333730003
random_trace,1.0,temporal,bin0_backtracking,-0.30304483424450557
random_trace,1.0,time_shuffled,gen_model=gemma4_31b,0.4541507262321415
random_trace,1.0,time_shuffled,gen_model=qwen35_27b,0.4074012828294092
random_trace,1.0,time_shuffled,task_type=math,-0.3360676212544344
random_trace,1.0,time_shuffled,gen_model=qwen35_9b,0.32491508399395097
random_trace,1.0,time_shuffled,gen_model=qwen35_4b,0.32280574972354487
random_trace,1.0,time_shuffled,task_type=safety,0.3183986541506782
random_trace,1.0,time_shuffled,difficulty_raw=hard,-0.23993730455676854
random_trace,1.0,time_shuffled,difficulty_raw=Sexual content,0.2388366088891949
random_trace,1.0,time_shuffled,difficulty_raw=validation_mcq,-0.23305152965066497
random_trace,1.0,time_shuffled,gen_model=reasoner,0.22795423044970436
random_trace,1.0,time_shuffled,task_type=idea,0.2207770197258637
random_trace,1.0,time_shuffled,task_type=moral,-0.19731626162719432
random_trace,1.0,time_shuffled,gen_model=gemma4_e4b,0.1967459520141511
random_trace,1.0,time_shuffled,difficulty_raw=applicable_actions_mc,0.17504846074411154
random_trace,1.0,time_shuffled,difficulty_raw=landmarks_mcq,0.17191825641771613
random_trace,1.0,time_shuffled,difficulty_raw=progression_mcq,0.15147759020022797
random_trace,1.0,time_shuffled,task_type=planning,0.1432223033683599
random_trace,1.0,time_shuffled,difficulty_raw=Non-violent crimes,0.1282623474505863
random_trace,1.0,time_shuffled,difficulty_raw=easy,0.12146180631005811
random_trace,1.0,time_shuffled,"difficulty_raw=Hate, harassment and discrimination",0.11409505358096335
