gen_model,task_type,motif,lag,observed,support,traces,lift,risk_difference,log_lift
anchor,code,question_to_subgoal,1,0,0,175,0.0,-0.012057565149747181,-16.30520291710115
anchor,code,perspective_to_verification,1,2,30,175,14.283333333333335,0.061999222092570985,2.659093157125702
anchor,code,conflict_to_verification,1,0,22,175,0.0,-0.004667444574095682,-15.356122493718498
anchor,code,conflict_to_reconciliation,1,1,22,175,29.21590909090909,0.043898730596513565,3.3747127720378893
anchor,code,verification_to_backtracking,1,6,12,175,80.34375,0.4937767405678724,4.386314145778676
anchor,code,backtracking_to_subgoal,1,2,16,175,10.366935483870966,0.11294243485025282,2.338621386165427
anchor,code,reconciliation_to_verification,1,0,4,175,0.0,-0.004667444574095682,-15.356122493718498
anchor,gpqa,question_to_subgoal,1,1,5,500,3.0575510204081633,0.13458817247363503,1.1176142651213552
anchor,gpqa,perspective_to_verification,1,380,2707,500,1.1808676198107222,0.021500816371839288,0.16624943803585301
anchor,gpqa,conflict_to_verification,1,313,1845,500,1.4270981407175103,0.05077171196221372,0.3556431077661329
anchor,gpqa,conflict_to_reconciliation,1,183,1845,500,3.354445851456257,0.06961817595749045,1.2102865620920407
anchor,gpqa,verification_to_backtracking,1,424,1781,500,4.387136875299129,0.18380338270045335,1.4786768076747414
anchor,gpqa,backtracking_to_subgoal,1,57,813,500,1.071835228556367,0.004698873580646093,0.06937234510535288
anchor,gpqa,reconciliation_to_verification,1,31,443,500,0.5886590712347414,-0.04889855787818219,-0.5299080834636284
anchor,idea,question_to_subgoal,1,2,254,500,0.0945110122104302,-0.07543919362168597,-2.3590388049472906
anchor,idea,perspective_to_verification,1,0,1828,500,0.0,-0.0004829751267809708,-13.087722504458645
anchor,idea,conflict_to_verification,1,0,173,500,0.0,-0.0004829751267809708,-13.087722504458645
anchor,idea,conflict_to_reconciliation,1,61,173,500,21.26390369829957,0.33601901004988416,3.05701091562987
anchor,idea,verification_to_backtracking,1,0,6,500,,0.0,0.0
anchor,idea,backtracking_to_subgoal,1,0,0,500,0.0,-0.08331320936971746,-18.238117682435103
anchor,idea,reconciliation_to_verification,1,0,206,500,0.0,-0.0004829751267809708,-13.087722504458645
anchor,math,question_to_subgoal,1,0,22,499,0.0,-0.1289702868852459,-18.67509260932577
anchor,math,perspective_to_verification,1,163,880,499,1.6141233766233767,0.070473174366617,0.4787920051369955
anchor,math,conflict_to_verification,1,67,379,499,1.540520165849981,0.06202690427786668,0.4321201263689683
anchor,math,conflict_to_reconciliation,1,50,379,499,9.71772788370588,0.11835030169990052,2.2739517682462065
anchor,math,verification_to_backtracking,1,126,896,499,5.689119170984456,0.11590676229508197,1.7385553998197438
anchor,math,backtracking_to_subgoal,1,29,193,499,1.1650673266409743,0.021288780472267066,0.15277887535740314
anchor,math,reconciliation_to_verification,1,2,106,499,0.16442048517520214,-0.09588617383235386,-1.8053281541484112
anchor,moral,question_to_subgoal,1,8,180,499,0.38245123493775385,-0.07176499713750792,-0.9611541103070996
anchor,moral,perspective_to_verification,1,0,2934,499,0.0,-6.962818548948615e-05,-11.150939090173015
anchor,moral,conflict_to_verification,1,0,593,499,0.0,-6.962818548948615e-05,-11.150939090173015
anchor,moral,conflict_to_reconciliation,1,100,593,499,2.0647250028393205,0.08696020250177712,0.7249970406933343
anchor,moral,verification_to_backtracking,1,0,1,499,0.0,-6.962818548948615e-05,-11.150939090173015
anchor,moral,backtracking_to_subgoal,1,1,1,499,8.605152786099461,0.8837905584180477,2.152361177403275
anchor,moral,reconciliation_to_verification,1,0,1173,499,0.0,-6.962818548948615e-05,-11.150939090173015
anchor,planning,question_to_subgoal,1,0,20,500,0.0,-0.024632581246118817,-17.01958060610017
anchor,planning,perspective_to_verification,1,811,1791,500,1.590961271001472,0.1681994923674237,0.4643384052033663
anchor,planning,conflict_to_verification,1,238,939,500,0.8905241552909284,-0.031159032596765335,-0.1159450506511296
anchor,planning,conflict_to_reconciliation,1,186,939,500,6.187107524512504,0.16606761135539927,1.8224676693146733
anchor,planning,verification_to_backtracking,1,36,4138,500,1.7272191582195093,0.003662940629960959,0.5465126086349579
anchor,planning,backtracking_to_subgoal,1,6,73,500,3.336710026476344,0.05755919957579898,1.20498527109257
anchor,planning,reconciliation_to_verification,1,36,464,500,0.2725956112852665,-0.2070339545607035,-1.299765849940976
anchor,safety,question_to_subgoal,1,0,1,312,0.0,-0.022690437601296597,-16.93745418672771
anchor,safety,perspective_to_verification,1,0,81,312,,0.0,0.0
anchor,safety,conflict_to_verification,1,0,7,312,,0.0,0.0
anchor,safety,conflict_to_reconciliation,1,0,7,312,0.0,-0.006482982171799027,-15.684691328410903
anchor,safety,verification_to_backtracking,1,0,0,312,,0.0,0.0
anchor,safety,backtracking_to_subgoal,1,0,0,312,0.0,-0.022690437601296597,-16.93745418672771
anchor,safety,reconciliation_to_verification,1,0,4,312,,0.0,0.0
anchor,security,question_to_subgoal,1,6,99,500,1.009700761525579,0.0005822764162878094,0.00965401107753579
anchor,security,perspective_to_verification,1,365,2471,500,1.4364079192029862,0.04487815054456444,0.3621454936297632
anchor,security,conflict_to_verification,1,235,1655,500,1.3807896909529214,0.039158631923117596,0.3226555726415677
anchor,security,conflict_to_reconciliation,1,147,1655,500,3.3079373798407032,0.061970653811833365,1.1963248210832074
anchor,security,verification_to_backtracking,1,284,1643,500,5.457899003798604,0.14118400800664038,1.6970638920741568
anchor,security,backtracking_to_subgoal,1,104,506,500,3.424202582565007,0.14550981264817187,1.2308686102033626
anchor,security,reconciliation_to_verification,1,29,429,500,0.6573525885759605,-0.03523625818174231,-0.4195347348824209
gemma4_31b,code,question_to_subgoal,1,63,1919,175,0.5744602303585448,-0.024319002693188638,-0.5543243959167009
gemma4_31b,code,perspective_to_verification,1,385,4480,175,0.6151356471487678,-0.05376745840768013,-0.48591246654842307
gemma4_31b,code,conflict_to_verification,1,235,2059,175,0.8169579348419328,-0.02557188409976366,-0.2021676711854683
gemma4_31b,code,conflict_to_reconciliation,1,455,2059,175,5.464920639759778,0.1805447792056868,1.6983495797736572
gemma4_31b,code,verification_to_backtracking,1,327,5559,175,2.4230300815978567,0.034546682888681596,0.8850188325876267
gemma4_31b,code,backtracking_to_subgoal,1,129,966,175,2.3367216222269565,0.0763917712282702,0.8487489208766755
gemma4_31b,code,reconciliation_to_verification,1,284,1609,175,1.2634279363326744,0.03680218888877729,0.23382860977077566
gemma4_31b,gpqa,question_to_subgoal,1,380,9459,500,1.033019615939297,0.0012841087944107654,0.03248617842791933
gemma4_31b,gpqa,perspective_to_verification,1,2618,15630,500,0.8224706124778122,-0.036154347648031715,-0.195442525431296
gemma4_31b,gpqa,conflict_to_verification,1,1420,7610,500,0.9162487868632128,-0.01705616471702956,-0.08746734935709535
gemma4_31b,gpqa,conflict_to_reconciliation,1,906,7610,500,2.7098426968141576,0.07512000658310808,0.9968905733889529
gemma4_31b,gpqa,verification_to_backtracking,1,2254,17764,500,2.1764476761525584,0.06858632493219324,0.7776940320877465
gemma4_31b,gpqa,backtracking_to_subgoal,1,354,5086,500,1.7897695022963518,0.030713560246144612,0.5820868305474945
gemma4_31b,gpqa,reconciliation_to_verification,1,1043,3832,500,1.3364986765551579,0.06852888023261641,0.29005326512821344
gemma4_31b,idea,question_to_subgoal,1,160,2993,500,0.4814285311410937,-0.057582439512688724,-0.7309974786737072
gemma4_31b,idea,perspective_to_verification,1,2197,6308,500,1.5299876185979457,0.12064690348703036,0.42525964143026296
gemma4_31b,idea,conflict_to_verification,1,41,2382,500,0.07561215981925384,-0.2104285583763319,-2.5821381108559844
gemma4_31b,idea,conflict_to_reconciliation,1,116,2382,500,1.7892461947093474,0.021481204346338604,0.5817943946757494
gemma4_31b,idea,verification_to_backtracking,1,218,4299,500,0.6271436085789587,-0.0301483563515981,-0.4665797164264712
gemma4_31b,idea,backtracking_to_subgoal,1,167,1527,500,0.9849087432415847,-0.0016757408219431752,-0.015206288419249966
gemma4_31b,idea,reconciliation_to_verification,1,18,514,500,0.15383633692750917,-0.19262152965573937,-1.8718659647460516
gemma4_31b,math,question_to_subgoal,1,44,1636,499,0.5022241042000452,-0.02665665719247986,-0.6887088176899135
gemma4_31b,math,perspective_to_verification,1,457,2638,499,0.9391329343011705,-0.01122785262389342,-0.06279823936682695
gemma4_31b,math,conflict_to_verification,1,157,1082,499,0.7866074472424811,-0.03936349002353662,-0.24002594992259962
gemma4_31b,math,conflict_to_reconciliation,1,159,1082,499,4.019085027726432,0.11038702112345275,1.3910542511368267
gemma4_31b,math,verification_to_backtracking,1,244,4137,499,2.2457437190487273,0.032716950573848505,0.8090367231850107
gemma4_31b,math,backtracking_to_subgoal,1,43,589,499,1.3632683007510717,0.019453570660455576,0.30988497411235016
gemma4_31b,math,reconciliation_to_verification,1,211,820,499,1.3949359439207156,0.07285191956124315,0.3328484943478232
gemma4_31b,moral,question_to_subgoal,1,358,1548,500,0.9144663189131317,-0.02163124513185713,-0.08941464151632805
gemma4_31b,moral,perspective_to_verification,1,67,6357,500,0.9863142991977348,-0.00014624273584557673,-0.013780212010934939
gemma4_31b,moral,conflict_to_verification,1,19,1272,500,1.3978456772740073,0.004251301495591466,0.33493222286765434
gemma4_31b,moral,conflict_to_reconciliation,1,221,1272,500,3.133355342896941,0.1182929092313402,1.1421044126331295
gemma4_31b,moral,verification_to_backtracking,1,16,201,500,9.185971980587857,0.07093638664730573,2.217677432832753
gemma4_31b,moral,backtracking_to_subgoal,1,22,163,500,0.5336920340834495,-0.11792806984928395,-0.6279363181307341
gemma4_31b,moral,reconciliation_to_verification,1,26,1043,500,2.332822941858302,0.014242286619538476,0.8470790437900088
gemma4_31b,planning,question_to_subgoal,1,163,10302,500,0.7724000870986364,-0.004662252991697421,-0.2582526012792708
gemma4_31b,planning,perspective_to_verification,1,1896,9150,500,0.7815036697739206,-0.05793357971253488,-0.24653543226921915
gemma4_31b,planning,conflict_to_verification,1,624,2524,500,0.9324145070072404,-0.017920070060928023,-0.069977812887373
gemma4_31b,planning,conflict_to_reconciliation,1,402,2524,500,5.137080879452453,0.12826681488127858,1.6364849698775088
gemma4_31b,planning,verification_to_backtracking,1,450,19585,500,1.5920141242220733,0.008544252804873075,0.4649999336158563
gemma4_31b,planning,backtracking_to_subgoal,1,23,1066,500,1.0532873941785328,0.0010915615465823675,0.051916122388230554
gemma4_31b,planning,reconciliation_to_verification,1,645,2290,500,1.0622775788808974,0.016512694179654952,0.06041526215730622
gemma4_31b,safety,question_to_subgoal,1,3,134,313,0.2738565238324506,-0.05936299515082814,-1.2951509129526737
gemma4_31b,safety,perspective_to_verification,1,17,871,313,1.1937335654235026,0.0031675846667344847,0.1770858356075384
gemma4_31b,safety,conflict_to_verification,1,1,93,313,0.6576482830385015,-0.005597522798421125,-0.4190849829847279
gemma4_31b,safety,conflict_to_reconciliation,1,14,93,313,11.649769585253457,0.13761569348033212,2.4552863309813935
gemma4_31b,safety,verification_to_backtracking,1,10,62,313,13.900293255131963,0.149686947053219,2.631909857423791
gemma4_31b,safety,backtracking_to_subgoal,1,3,44,313,0.8340175953079179,-0.0135692366705025,-0.18150077692002248
gemma4_31b,safety,reconciliation_to_verification,1,0,49,313,0.0,-0.016350210970464137,-16.60975141977788
gemma4_31b,security,question_to_subgoal,1,210,4627,496,1.395165441522652,0.01285502845184796,0.33301299560814446
gemma4_31b,security,perspective_to_verification,1,1568,9760,496,0.9340380230093562,-0.011345544627577281,-0.0682381313112142
gemma4_31b,security,conflict_to_verification,1,779,4905,496,0.923350866782783,-0.013183749203035583,-0.0797459788711002
gemma4_31b,security,conflict_to_reconciliation,1,521,4905,496,2.761066133733927,0.06774816989072087,1.0156168689006846
gemma4_31b,security,verification_to_backtracking,1,1449,10195,496,2.654752434677894,0.08859111268046227,0.9763513937612588
gemma4_31b,security,backtracking_to_subgoal,1,173,3173,496,1.6760306096695012,0.02199178320891556,0.5164282530199661
gemma4_31b,security,reconciliation_to_verification,1,521,2280,496,1.328529466937896,0.056507489597329236,0.284072665142161
gemma4_e4b,code,question_to_subgoal,1,15,518,175,0.40692948587685435,-0.042203519731609615,-0.8991153414427625
gemma4_e4b,code,perspective_to_verification,1,137,5232,175,0.3729446542917996,-0.044026516069927454,-0.9863252263153508
gemma4_e4b,code,conflict_to_verification,1,161,1975,175,1.1610484170082453,0.011307455981324821,0.14932340272010017
gemma4_e4b,code,conflict_to_reconciliation,1,355,1975,175,9.27620896413885,0.1603696484760425,2.227452900493312
gemma4_e4b,code,verification_to_backtracking,1,415,3993,175,5.4577192913082655,0.08488878325485488,1.6970309473853837
gemma4_e4b,code,backtracking_to_subgoal,1,182,1083,175,2.3615687417990965,0.09689065952877464,0.859326111207532
gemma4_e4b,code,reconciliation_to_verification,1,81,1102,175,1.0468753621923665,0.0032911909626016644,0.04580988136829576
gemma4_e4b,gpqa,question_to_subgoal,1,23,513,500,0.40410911736447797,-0.06611173619656359,-0.9060703317121072
gemma4_e4b,gpqa,perspective_to_verification,1,576,5116,500,0.7673298728440296,-0.0341389743103965,-0.2648384860721945
gemma4_e4b,gpqa,conflict_to_verification,1,334,2144,500,1.061724512401371,0.00905664843591883,0.05989448425387261
gemma4_e4b,gpqa,conflict_to_reconciliation,1,337,2144,500,4.126799482876076,0.11909452150537887,1.417502143042627
gemma4_e4b,gpqa,verification_to_backtracking,1,470,4642,500,2.917330793758422,0.06654326300049775,1.070669067562012
gemma4_e4b,gpqa,backtracking_to_subgoal,1,144,1098,500,1.1820839755265986,0.02020149679484025,0.1672789603566897
gemma4_e4b,gpqa,reconciliation_to_verification,1,169,1205,500,0.9558501575905364,-0.00647797099803174,-0.0451541168228012
gemma4_e4b,idea,question_to_subgoal,1,329,2827,500,0.5402446752356532,-0.0990390263601188,-0.6157331358048732
gemma4_e4b,idea,perspective_to_verification,1,841,3160,500,1.9454900625488156,0.12934119376757777,0.6655139019605
gemma4_e4b,idea,conflict_to_verification,1,16,927,500,0.12617123443282077,-0.11953806831372435,-2.070115240577498
gemma4_e4b,idea,conflict_to_reconciliation,1,125,927,500,5.491428238697656,0.11028829717625217,1.703188341147388
gemma4_e4b,idea,verification_to_backtracking,1,56,1961,500,2.624119039213379,0.017674403217111063,0.9647451787335712
gemma4_e4b,idea,backtracking_to_subgoal,1,29,156,500,0.8629662382091139,-0.02951937610116892,-0.14737970935311248
gemma4_e4b,idea,reconciliation_to_verification,1,21,352,500,0.43611069259654167,-0.0771389558296604,-0.8298591763016915
gemma4_e4b,math,question_to_subgoal,1,23,382,485,0.45253037896944037,-0.07284114419163804,-0.7929003731588429
gemma4_e4b,math,perspective_to_verification,1,313,3162,485,0.7118223754583458,-0.040074775081418476,-0.33992686845326864
gemma4_e4b,math,conflict_to_verification,1,131,815,485,1.1558536545487246,0.02167343894790985,0.14483916485542192
gemma4_e4b,math,conflict_to_reconciliation,1,148,815,485,7.044497148121288,0.15581680179228818,1.9522467323879036
gemma4_e4b,math,verification_to_backtracking,1,200,3377,485,3.021427700484991,0.03962277983161158,1.105729434049568
gemma4_e4b,math,backtracking_to_subgoal,1,78,476,485,1.231603504911714,0.03081497794307972,0.208316981470623
gemma4_e4b,math,reconciliation_to_verification,1,100,626,485,1.14872171360292,0.020681651574578352,0.1386497698217518
gemma4_e4b,moral,question_to_subgoal,1,82,1336,500,0.24594165144032176,-0.1881829454937825,-1.4026609481649486
gemma4_e4b,moral,perspective_to_verification,1,77,1543,500,0.29200468910830696,-0.12099442357535845,-1.2309854040652106
gemma4_e4b,moral,conflict_to_verification,1,31,437,500,0.4150928792569659,-0.09995899525138557,-0.8792529701083642
gemma4_e4b,moral,conflict_to_reconciliation,1,134,437,500,9.361421456454435,0.2738808569551549,2.236597116696777
gemma4_e4b,moral,verification_to_backtracking,1,19,2040,500,0.5171067031463749,-0.008697500110876217,-0.6595059848569594
gemma4_e4b,moral,backtracking_to_subgoal,1,17,215,500,0.31683645987025455,-0.17049042356090405,-1.1493695290496813
gemma4_e4b,moral,reconciliation_to_verification,1,26,391,500,0.38910034602076127,-0.10440104667149594,-0.9439180005201165
gemma4_e4b,planning,question_to_subgoal,1,42,2595,500,0.29111096080706333,-0.03941228657075277,-1.2340507320757477
gemma4_e4b,planning,perspective_to_verification,1,698,3938,500,0.772420339933676,-0.05222271587019611,-0.2582263940704415
gemma4_e4b,planning,conflict_to_verification,1,306,1061,500,1.2568401132488376,0.0589371135116121,0.22860072353014094
gemma4_e4b,planning,conflict_to_reconciliation,1,212,1061,500,10.211849555623585,0.18024486694934805,2.323548721051254
gemma4_e4b,planning,verification_to_backtracking,1,150,9171,500,1.9512838164428103,0.007973779675432655,0.6684874651919922
gemma4_e4b,planning,backtracking_to_subgoal,1,31,335,500,1.6644222631218346,0.036940055763817155,0.509478066921692
gemma4_e4b,planning,reconciliation_to_verification,1,112,782,500,0.6241446614913406,-0.0862475431482489,-0.4713731055436507
gemma4_e4b,safety,question_to_subgoal,1,0,20,57,0.0,-0.29118773946360155,-19.48947877334426
gemma4_e4b,safety,perspective_to_verification,1,7,128,57,1.3813004032258063,0.015096184546615578,0.32302536966900286
gemma4_e4b,safety,conflict_to_verification,1,1,42,57,0.6013824884792626,-0.015781791643860614,-0.5085241100357766
gemma4_e4b,safety,conflict_to_reconciliation,1,24,42,57,17.208791208791208,0.5382229520160554,2.845420341668514
gemma4_e4b,safety,verification_to_backtracking,1,3,31,57,2.3679435483870965,0.05590573888682898,0.8620218632386234
gemma4_e4b,safety,backtracking_to_subgoal,1,4,32,57,0.4292763157894737,-0.16618773946360155,-0.8456544700776842
gemma4_e4b,safety,reconciliation_to_verification,1,0,26,57,0.0,-0.03959131545338442,-17.49412037069882
gemma4_e4b,security,question_to_subgoal,1,38,689,500,0.7200297569122828,-0.021444987826965252,-0.3284627337049178
gemma4_e4b,security,perspective_to_verification,1,514,6867,500,0.7268256795825166,-0.02813232849410996,-0.31906860704269235
gemma4_e4b,security,conflict_to_verification,1,323,2870,500,1.092835557129899,0.009560490111664557,0.08877574611733535
gemma4_e4b,security,conflict_to_reconciliation,1,455,2870,500,5.744463720787835,0.1309384329409114,1.748236529895637
gemma4_e4b,security,verification_to_backtracking,1,733,5351,500,3.994206061109444,0.10268812934751788,1.3848448044710158
gemma4_e4b,security,backtracking_to_subgoal,1,275,1782,500,2.0147031453564117,0.07772360505231944,0.7004718555665927
gemma4_e4b,security,reconciliation_to_verification,1,143,1434,500,0.9683248507102649,-0.003262003923198087,-0.03218765810878972
qwen35_27b,code,question_to_subgoal,1,186,12454,159,0.49772597817423503,-0.01507143103444062,-0.6977055643969114
qwen35_27b,code,perspective_to_verification,1,1417,16441,159,0.6126934400987455,-0.05448202525481967,-0.4898905613608983
qwen35_27b,code,conflict_to_verification,1,985,7060,159,0.9918206336986052,-0.001150583252487708,-0.00821300079106963
qwen35_27b,code,conflict_to_reconciliation,1,1478,7060,159,4.650899126295888,0.16433597525238514,1.5370605439619314
qwen35_27b,code,verification_to_backtracking,1,780,24429,159,2.2512918568010534,0.017746623306639838,0.8115041708391066
qwen35_27b,code,backtracking_to_subgoal,1,193,2463,159,2.6114344145200823,0.048353332224274306,0.9598996339113032
qwen35_27b,code,reconciliation_to_verification,1,1529,7817,159,1.3904935640611062,0.054930337932943496,0.32965876417784035
qwen35_27b,gpqa,question_to_subgoal,1,1142,34403,490,0.728417034220336,-0.012376339717895535,-0.3168815374156674
qwen35_27b,gpqa,perspective_to_verification,1,5672,42199,490,0.756703006165397,-0.043216077554456694,-0.27878443074865117
qwen35_27b,gpqa,conflict_to_verification,1,3736,21721,490,0.9683189890331908,-0.005627398042887338,-0.032193711680614856
qwen35_27b,gpqa,conflict_to_reconciliation,1,3507,21721,490,3.3737379602987683,0.1135997505054321,1.216021302001094
qwen35_27b,gpqa,verification_to_backtracking,1,3997,51599,490,2.4227206340039675,0.045489289680674616,0.884891119257234
qwen35_27b,gpqa,backtracking_to_subgoal,1,753,9288,490,1.7790291914709553,0.03550123217825167,0.5760678078612912
qwen35_27b,gpqa,reconciliation_to_verification,1,3172,13902,490,1.2845389900692443,0.05054176325112633,0.25039989013740455
qwen35_27b,idea,question_to_subgoal,1,268,7184,498,0.5896909765589975,-0.0259570334098643,-0.5281566368423714
qwen35_27b,idea,perspective_to_verification,1,5071,31085,498,1.251429461906607,0.032775741792662155,0.224286465920689
qwen35_27b,idea,conflict_to_verification,1,879,13446,498,0.501486682647085,-0.06498500074677696,-0.6901782193477236
qwen35_27b,idea,conflict_to_reconciliation,1,1778,13446,498,3.660016016806101,0.09610365730901385,1.297467503464046
qwen35_27b,idea,verification_to_backtracking,1,3716,15201,498,1.7146587012231584,0.10188835355316878,0.5392140498565869
qwen35_27b,idea,backtracking_to_subgoal,1,1306,16625,498,1.2417596247634133,0.015294235073147242,0.21652942286486826
qwen35_27b,idea,reconciliation_to_verification,1,395,4213,498,0.71923244896268,-0.03660018474674814,-0.3295706757129187
qwen35_27b,math,question_to_subgoal,1,438,16832,439,0.40851558360869905,-0.037676718189607716,-0.8952251943105152
qwen35_27b,math,perspective_to_verification,1,3066,18745,439,0.7361215545556674,-0.058632861256050745,-0.30636001663035817
qwen35_27b,math,conflict_to_verification,1,1403,6387,439,0.9886067780079224,-0.0025315338022248446,-0.011458621912674848
qwen35_27b,math,conflict_to_reconciliation,1,1475,6387,439,4.847534779862599,0.1832975772897399,1.5784702662524965
qwen35_27b,math,verification_to_backtracking,1,933,37401,439,1.7020617933574065,0.01028959889387563,0.5318403076691532
qwen35_27b,math,backtracking_to_subgoal,1,214,2467,439,1.3618048106295773,0.023046453147324966,0.30881088244178406
qwen35_27b,math,reconciliation_to_verification,1,2551,8019,439,1.4317034581971049,0.09592298804703978,0.35886496347232144
qwen35_27b,moral,question_to_subgoal,1,412,4512,497,0.6033338437230936,-0.06003376562522458,-0.5052845930967821
qwen35_27b,moral,perspective_to_verification,1,422,10571,497,0.7055657605243445,-0.016658933444088857,-0.3487552934254188
qwen35_27b,moral,conflict_to_verification,1,180,3620,497,0.8788303643597393,-0.006855713857092015,-0.12916338456102575
qwen35_27b,moral,conflict_to_reconciliation,1,1202,3620,497,5.234281693719079,0.26860775845784846,1.6552296098768036
qwen35_27b,moral,verification_to_backtracking,1,221,2987,497,2.274904122484562,0.04146402701695287,0.8219378903206059
qwen35_27b,moral,backtracking_to_subgoal,1,106,1717,497,0.4079107329123548,-0.08961023703957503,-0.8967069108071652
qwen35_27b,moral,reconciliation_to_verification,1,232,3349,497,1.22437359942252,0.012694939508553542,0.2024293625649198
qwen35_27b,planning,question_to_subgoal,1,334,24808,499,0.4490891263590905,-0.016515948431617827,-0.8005338703330181
qwen35_27b,planning,perspective_to_verification,1,3357,22459,499,0.6898932209184572,-0.06718778268750861,-0.3712184435836183
qwen35_27b,planning,conflict_to_verification,1,1221,5918,499,0.9522734026306054,-0.010340451962921826,-0.048903097552733484
qwen35_27b,planning,conflict_to_reconciliation,1,1209,5918,499,5.36938093934433,0.16624440314409566,1.6807125991735463
qwen35_27b,planning,verification_to_backtracking,1,594,42697,499,1.796606070309635,0.0061685037387539535,0.5858993113232217
qwen35_27b,planning,backtracking_to_subgoal,1,65,1526,499,1.420812107181235,0.012615672324042523,0.35122860472327766
qwen35_27b,planning,reconciliation_to_verification,1,1693,7498,499,1.0421553764627263,0.009133390380166445,0.0412910457159725
qwen35_27b,safety,question_to_subgoal,1,74,1446,313,0.33278501926600446,-0.10260427306633087,-1.1002585722352594
qwen35_27b,safety,perspective_to_verification,1,240,3225,313,0.7687992036919736,-0.022379888757500105,-0.2629254540003015
qwen35_27b,safety,conflict_to_verification,1,47,820,313,0.5921277403435513,-0.039481420237931185,-0.5240328826513515
qwen35_27b,safety,conflict_to_reconciliation,1,303,820,313,10.797773815002301,0.33529104903639834,2.3793399581268737
qwen35_27b,safety,verification_to_backtracking,1,102,1799,313,1.8617233366789951,0.026243497904778652,0.6215025686634738
qwen35_27b,safety,backtracking_to_subgoal,1,65,566,313,0.7467878894282246,-0.0389389406518232,-0.2919740818611129
qwen35_27b,safety,reconciliation_to_verification,1,56,636,313,0.9096248439908964,-0.008748178943254095,-0.09472302279775
qwen35_27b,security,question_to_subgoal,1,328,14559,460,0.6286411231204965,-0.01330862904300742,-0.4641947201022975
qwen35_27b,security,perspective_to_verification,1,2450,24184,460,0.745760945509236,-0.034536679369740655,-0.2933501760023707
qwen35_27b,security,conflict_to_verification,1,1508,11169,460,0.9939138366193091,-0.0008267646907820503,-0.006104759519296342
qwen35_27b,security,conflict_to_reconciliation,1,1446,11169,460,3.6934372713566646,0.09441263965241661,1.3065575135148386
qwen35_27b,security,verification_to_backtracking,1,2751,26310,460,3.1519487286424805,0.07138755663509176,1.1480208849889098
qwen35_27b,security,backtracking_to_subgoal,1,432,6425,460,1.8761653222800063,0.03139970519233125,0.6292299585530654
qwen35_27b,security,reconciliation_to_verification,1,1266,6789,460,1.3727440911945392,0.050634797987021446,0.31681172081216397
qwen35_4b,code,question_to_subgoal,1,47,2495,94,0.5702383761794755,-0.014197062642401462,-0.5617007789388057
qwen35_4b,code,perspective_to_verification,1,478,4690,94,0.7271015374458554,-0.03825261063558601,-0.31868914216051686
qwen35_4b,code,conflict_to_verification,1,266,2088,94,0.908847781329857,-0.012776951166102557,-0.09557765539456943
qwen35_4b,code,conflict_to_reconciliation,1,449,2088,94,4.8374465794538875,0.17058545859545626,1.576386997442569
qwen35_4b,code,verification_to_backtracking,1,298,6666,94,2.187207609649854,0.024265409129860752,0.7826256395989182
qwen35_4b,code,backtracking_to_subgoal,1,89,972,94,2.7717424617488273,0.05852904801512759,1.019476150644699
qwen35_4b,code,reconciliation_to_verification,1,389,2114,94,1.3127578604596504,0.04383976570409684,0.27213015959934744
qwen35_4b,gpqa,question_to_subgoal,1,1016,34841,339,0.779695737207575,-0.008239499604021323,-0.2488515083480545
qwen35_4b,gpqa,perspective_to_verification,1,6200,44630,339,0.7499327703845903,-0.04632327476715692,-0.28777171415677216
qwen35_4b,gpqa,conflict_to_verification,1,3977,22720,339,0.9449412176254045,-0.010199269645231102,-0.056632556679574717
qwen35_4b,gpqa,conflict_to_reconciliation,1,3779,22720,339,3.177758303109239,0.11398753996044211,1.156175998985553
qwen35_4b,gpqa,verification_to_backtracking,1,4106,52432,339,2.2796920690304843,0.043959405559500994,0.8240403600613392
qwen35_4b,gpqa,backtracking_to_subgoal,1,715,9723,339,1.966200578235137,0.03613642868669592,0.6761030268993171
qwen35_4b,gpqa,reconciliation_to_verification,1,3278,14815,339,1.1944413301638734,0.036018950492334084,0.17767856905060697
qwen35_4b,idea,question_to_subgoal,1,67,2175,161,0.5036219751043551,-0.030361513437599887,-0.6859293256209055
qwen35_4b,idea,perspective_to_verification,1,1895,13054,161,1.1844881026740994,0.022610140835662096,0.16931069911986765
qwen35_4b,idea,conflict_to_verification,1,197,5421,161,0.29651858285740296,-0.08621593309441261,-1.2156453690947344
qwen35_4b,idea,conflict_to_reconciliation,1,489,5421,161,2.6354736425528626,0.055977606391541194,0.9690628982039065
qwen35_4b,idea,verification_to_backtracking,1,1351,4927,161,1.5469441268851358,0.09694850624803439,0.4362814518691299
qwen35_4b,idea,backtracking_to_subgoal,1,410,7126,161,0.9406480709684291,-0.0036303266874442297,-0.061186203038713464
qwen35_4b,idea,reconciliation_to_verification,1,143,1376,161,0.8479743204270725,-0.01863167313207835,-0.16490492470115486
qwen35_4b,math,question_to_subgoal,1,570,22410,409,0.48391295653586536,-0.0271261841031406,-0.725850210016671
qwen35_4b,math,perspective_to_verification,1,3875,24354,409,0.7195924760113588,-0.06200182228640774,-0.3290702309910849
qwen35_4b,math,conflict_to_verification,1,2258,10624,409,0.9612162056219069,-0.008575611283242579,-0.039555915298041866
qwen35_4b,math,conflict_to_reconciliation,1,2036,10624,409,3.8765734075639777,0.14220575114773812,1.3549516060446056
qwen35_4b,math,verification_to_backtracking,1,1845,46834,409,1.9002823823886255,0.018663613337748238,0.6420024745859754
qwen35_4b,math,backtracking_to_subgoal,1,343,4392,409,1.4858194520728591,0.025535281431127613,0.3959664334151549
qwen35_4b,math,reconciliation_to_verification,1,3088,10471,409,1.3337497182446285,0.0737964888544872,0.2879943112515899
qwen35_4b,moral,question_to_subgoal,1,433,5638,420,0.5506043120464146,-0.06268333831226691,-0.5967388489119209
qwen35_4b,moral,perspective_to_verification,1,559,12360,420,0.6442928006790811,-0.024969089940823995,-0.43960198889949137
qwen35_4b,moral,conflict_to_verification,1,229,4330,420,0.7534206640669368,-0.01730879112993885,-0.2831315516878199
qwen35_4b,moral,conflict_to_reconciliation,1,1301,4330,420,4.4360369426589665,0.23272983976031741,1.4897613859389125
qwen35_4b,moral,verification_to_backtracking,1,155,4331,420,0.8776290755557872,-0.004990117277454083,-0.1305312363897234
qwen35_4b,moral,backtracking_to_subgoal,1,115,2516,420,0.3276906025928596,-0.093776149922784,-1.1156853858399585
qwen35_4b,moral,reconciliation_to_verification,1,461,4179,420,1.5715148733519275,0.04011784496486488,0.4520400364599884
qwen35_4b,planning,question_to_subgoal,1,468,44923,448,0.4458515063072509,-0.012948307981204391,-0.8077692747078377
qwen35_4b,planning,perspective_to_verification,1,5460,38909,448,0.6638874397268938,-0.07104489281943638,-0.409642659963977
qwen35_4b,planning,conflict_to_verification,1,2511,12673,448,0.9373874968407921,-0.013234550272349543,-0.06465853139236846
qwen35_4b,planning,conflict_to_reconciliation,1,2462,12673,448,4.69715044831995,0.15291189367926308,1.5469560182270061
qwen35_4b,planning,verification_to_backtracking,1,1358,66525,448,1.9081325154831354,0.009715285784378679,0.646124978686551
qwen35_4b,planning,backtracking_to_subgoal,1,128,3367,448,1.6269716655901045,0.01464990397691229,0.4867203964670279
qwen35_4b,planning,reconciliation_to_verification,1,2768,13017,448,1.0060210304583341,0.0012726791977882013,0.006002976458890597
qwen35_4b,safety,question_to_subgoal,1,77,2085,291,0.26786511713705957,-0.10093914093685813,-1.317271699606363
qwen35_4b,safety,perspective_to_verification,1,343,3912,291,0.8395026696170338,-0.01676258547502918,-0.17494562063070743
qwen35_4b,safety,conflict_to_verification,1,60,953,291,0.6028165364324723,-0.0414824454801363,-0.5061423735959556
qwen35_4b,safety,conflict_to_reconciliation,1,349,953,291,10.014750099210454,0.3296447030721339,2.304058991540271
qwen35_4b,safety,verification_to_backtracking,1,106,2462,291,1.4498885923175118,0.013359437263914576,0.37148671014691237
qwen35_4b,safety,backtracking_to_subgoal,1,51,700,291,0.5284496703296703,-0.06501245371520688,-0.6378077028986553
qwen35_4b,safety,reconciliation_to_verification,1,76,862,291,0.844176258714832,-0.016274468716077017,-0.16939396708244397
qwen35_4b,security,question_to_subgoal,1,120,5714,185,0.5447193737778762,-0.017552838543107272,-0.6074845057511931
qwen35_4b,security,perspective_to_verification,1,933,9670,185,0.7046173649601121,-0.04044704406034669,-0.3501003651850687
qwen35_4b,security,conflict_to_verification,1,493,3802,185,0.9469629314937171,-0.0072624196287488785,-0.0544953292432052
qwen35_4b,security,conflict_to_reconciliation,1,721,3802,185,3.6344828645909875,0.13745986235558105,1.2904668213854624
qwen35_4b,security,verification_to_backtracking,1,333,8041,185,1.9088551667211038,0.019717682720615196,0.6465036512555353
qwen35_4b,security,backtracking_to_subgoal,1,65,1274,185,1.3233531044926805,0.012466519567655411,0.2801687400043421
qwen35_4b,security,reconciliation_to_verification,1,624,3064,185,1.4872843257937536,0.06672433737560363,0.39695185446971365
qwen35_9b,code,question_to_subgoal,1,69,4712,131,0.41455972101133387,-0.020679465275583384,-0.8805381951642959
qwen35_9b,code,perspective_to_verification,1,656,7165,131,0.6564144594866714,-0.04792304269625969,-0.42096288778767427
qwen35_9b,code,conflict_to_verification,1,627,3813,131,1.1789387159913434,0.02495823227501151,0.16461463946494956
qwen35_9b,code,conflict_to_reconciliation,1,689,3813,131,4.1738896478439935,0.13740523421473042,1.4288483527542881
qwen35_9b,code,verification_to_backtracking,1,429,10081,131,2.1599206539390488,0.02285304957675031,0.7700714594770933
qwen35_9b,code,backtracking_to_subgoal,1,101,1424,131,2.0079582513632346,0.035604037519098145,0.697118396248363
qwen35_9b,code,reconciliation_to_verification,1,550,3129,131,1.2602236362929113,0.036295789438663434,0.2312891928549782
qwen35_9b,gpqa,question_to_subgoal,1,1333,45153,422,0.7692517375033968,-0.00885550826284081,-0.26233699826840223
qwen35_9b,gpqa,perspective_to_verification,1,7686,55287,422,0.771623023769056,-0.04114570387660926,-0.2592591577573076
qwen35_9b,gpqa,conflict_to_verification,1,4813,28723,422,0.9300662514507696,-0.012599664625903756,-0.07249945683569238
qwen35_9b,gpqa,conflict_to_reconciliation,1,4688,28723,422,3.257512321430585,0.11311022519839874,1.1809637986587223
qwen35_9b,gpqa,verification_to_backtracking,1,5392,65358,422,2.3151543849629923,0.046864923213356814,0.8394763583421136
qwen35_9b,gpqa,backtracking_to_subgoal,1,968,12927,422,1.9512034509543588,0.03650467365791332,0.6684463238471118
qwen35_9b,gpqa,reconciliation_to_verification,1,3926,18176,422,1.1988912858981668,0.03583339305153291,0.18139720037001844
qwen35_9b,idea,question_to_subgoal,1,220,6087,344,0.6013622238668513,-0.023958613810138238,-0.5085578130277018
qwen35_9b,idea,perspective_to_verification,1,4014,28343,344,1.1741821725758959,0.021008728678068828,0.1605718806898534
qwen35_9b,idea,conflict_to_verification,1,586,12252,344,0.39654689967640006,-0.0727846154813226,-0.9249609481077957
qwen35_9b,idea,conflict_to_reconciliation,1,1463,12252,344,3.4479792595553667,0.0847774651805179,1.2377883170724147
qwen35_9b,idea,verification_to_backtracking,1,3439,12322,344,1.8493029624983388,0.12817565485654395,0.6148087880209419
qwen35_9b,idea,backtracking_to_subgoal,1,1457,15418,344,1.5723465592693173,0.034398722349170505,0.4525691212036948
qwen35_9b,idea,reconciliation_to_verification,1,372,3538,344,0.8717441511269718,-0.015469392134116286,-0.13725930157582333
qwen35_9b,math,question_to_subgoal,1,584,21549,439,0.4747682986429678,-0.029981609574911083,-0.7449283669069621
qwen35_9b,math,perspective_to_verification,1,3820,23741,439,0.7416219039944273,-0.056057987210780924,-0.2989157274303096
qwen35_9b,math,conflict_to_verification,1,1967,9516,439,0.9527262252143333,-0.01025656858421578,-0.04842769316614901
qwen35_9b,math,conflict_to_reconciliation,1,2031,9516,439,4.390376566562359,0.164816867615934,1.4794149857833627
qwen35_9b,math,verification_to_backtracking,1,1555,45188,439,1.7926924812764882,0.015216200253236795,0.5837186461564373
qwen35_9b,math,backtracking_to_subgoal,1,391,3998,439,1.7132863471015514,0.04071626430518178,0.5384133592588346
qwen35_9b,math,reconciliation_to_verification,1,2985,10125,439,1.358837416685518,0.07785374854249477,0.30662949227373854
qwen35_9b,moral,question_to_subgoal,1,374,6032,485,0.4744112882759572,-0.06869122861690566,-0.7456806282567006
qwen35_9b,moral,perspective_to_verification,1,577,13377,485,0.6553737122713991,-0.02268174536714733,-0.42254964497459196
qwen35_9b,moral,conflict_to_verification,1,245,4556,485,0.8170606595368378,-0.012040240938575836,-0.20204193679724133
qwen35_9b,moral,conflict_to_reconciliation,1,1318,4556,485,4.648837783401333,0.2270606407229551,1.5366172366926878
qwen35_9b,moral,verification_to_backtracking,1,214,4495,485,1.3164026606260668,0.011442882875476013,0.27490275257707397
qwen35_9b,moral,backtracking_to_subgoal,1,112,2470,485,0.346949139165845,-0.08534975158214368,-1.0585770683851397
qwen35_9b,moral,reconciliation_to_verification,1,397,4250,485,1.4192977295033697,0.027596282327446986,0.35016218810320376
qwen35_9b,planning,question_to_subgoal,1,460,40116,493,0.41550382456893686,-0.01613046388452815,-0.8782634090171347
qwen35_9b,planning,perspective_to_verification,1,4938,33797,493,0.6603795829912547,-0.07514032810317925,-0.4149404812143141
qwen35_9b,planning,conflict_to_verification,1,2281,10826,493,0.952309170122913,-0.010551499335756775,-0.048865538154589265
qwen35_9b,planning,conflict_to_reconciliation,1,2129,10826,493,4.836923562459862,0.15599890927084092,1.576278871529923
qwen35_9b,planning,verification_to_backtracking,1,1128,63511,493,1.8392322671581385,0.008104117790001879,0.6093481911876125
qwen35_9b,planning,backtracking_to_subgoal,1,128,2772,493,1.673214272052949,0.018578835856180503,0.5147464757652048
qwen35_9b,planning,reconciliation_to_verification,1,2644,11671,493,1.0239390017615704,0.00529645556256611,0.023656956145150527
qwen35_9b,safety,question_to_subgoal,1,82,1826,308,0.2974891038790089,-0.10604619255124847,-1.2123776646402458
qwen35_9b,safety,perspective_to_verification,1,275,3554,308,0.7977794837264425,-0.019613613893847193,-0.22592305328918486
qwen35_9b,safety,conflict_to_verification,1,52,889,308,0.6030720148420754,-0.0384985281810807,-0.5057186550011193
qwen35_9b,safety,conflict_to_reconciliation,1,332,889,308,10.629514395806908,0.3383196984510743,2.3636344830988847
qwen35_9b,safety,verification_to_backtracking,1,86,2076,308,1.3854347302504817,0.011524865789586447,0.32601396574099134
qwen35_9b,safety,backtracking_to_subgoal,1,58,640,308,0.60035205818632,-0.06032809287983555,-0.510239027790693
qwen35_9b,safety,reconciliation_to_verification,1,79,752,308,1.0831206698643054,0.008061974894332746,0.07984638287137306
qwen35_9b,security,question_to_subgoal,1,236,9708,303,0.6355839140852466,-0.013938205949606666,-0.4532111378852878
qwen35_9b,security,perspective_to_verification,1,1638,15218,303,0.7722937895043666,-0.03173574157683473,-0.2583902428822305
qwen35_9b,security,conflict_to_verification,1,869,6653,303,0.937191795035198,-0.008753669727888463,-0.06486732666994464
qwen35_9b,security,conflict_to_reconciliation,1,1054,6653,303,3.476519798449011,0.11285483878926812,1.246031719845722
qwen35_9b,security,verification_to_backtracking,1,949,14714,303,2.469765223510297,0.038382013764922125,0.9041230721234975
qwen35_9b,security,backtracking_to_subgoal,1,187,2757,303,1.773354258950561,0.02957929506926294,0.5728728033741073
qwen35_9b,security,reconciliation_to_verification,1,929,4811,303,1.3855001650396401,0.053727711637271164,0.32606120244369624
reasoner,code,question_to_subgoal,1,310,3051,154,1.3126400737020207,0.024200173068984865,0.2720404295327704
reasoner,code,perspective_to_verification,1,1915,14540,154,0.9196929679854952,-0.011500456549329463,-0.08371539448025322
reasoner,code,conflict_to_verification,1,1518,10877,154,0.9745432933960497,-0.0036455555739487444,-0.02578633457310437
reasoner,code,conflict_to_reconciliation,1,1418,10877,154,3.2874879547611946,0.09071137456469851,1.1901237159996545
reasoner,code,verification_to_backtracking,1,2235,12253,154,2.6992178310944146,0.11482758116205681,0.9929620295384752
reasoner,code,backtracking_to_subgoal,1,648,5782,154,1.4478484018435593,0.034666089682451245,0.37007858962713563
reasoner,code,reconciliation_to_verification,1,599,3393,154,1.2327682961081678,0.033333838996439796,0.20926228639548156
reasoner,gpqa,question_to_subgoal,1,93,3739,484,0.5692982286063284,-0.018817603302438257,-0.5633508372432509
reasoner,gpqa,perspective_to_verification,1,3817,27077,484,0.896821312902124,-0.01621831352216585,-0.10889864127273152
reasoner,gpqa,conflict_to_verification,1,3339,20926,484,1.0151132669039438,0.002375603992322728,0.015000199181808465
reasoner,gpqa,conflict_to_reconciliation,1,2314,20926,484,2.6610089061757285,0.06902442009671757,0.9787053238972108
reasoner,gpqa,verification_to_backtracking,1,5068,20248,484,2.499179999798484,0.1501449456771357,0.9159626720001363
reasoner,gpqa,backtracking_to_subgoal,1,1389,12901,484,2.464286623291132,0.06397550841037528,0.9019023496934908
reasoner,gpqa,reconciliation_to_verification,1,969,5353,484,1.1516243508571429,0.0238333257474318,0.14117342393363735
reasoner,idea,question_to_subgoal,1,114,2563,493,0.5116411303419652,-0.04245510069535014,-0.6701318060213467
reasoner,idea,perspective_to_verification,1,950,10049,493,0.9632147652400139,-0.0036103654107726008,-0.03747887479548407
reasoner,idea,conflict_to_verification,1,124,3433,493,0.3680190110878059,-0.0620271235869995,-0.9996206640861781
reasoner,idea,conflict_to_reconciliation,1,543,3433,493,3.086597201318988,0.10692633682405178,1.1270692415724284
reasoner,idea,verification_to_backtracking,1,616,2871,493,2.466126203433974,0.12755678886023053,0.9026485739854793
reasoner,idea,backtracking_to_subgoal,1,299,2545,493,1.3514270461616196,0.030551038506392666,0.30116110238354205
reasoner,idea,reconciliation_to_verification,1,122,1499,493,0.8292406245984494,-0.016759543510797614,-0.18724490500146235
reasoner,math,question_to_subgoal,1,107,2656,498,0.590877340800638,-0.02789407117293824,-0.5261468181376866
reasoner,math,perspective_to_verification,1,1591,9669,498,0.9219985976400396,-0.013920690238562489,-0.0812115759504491
reasoner,math,conflict_to_verification,1,1590,6931,498,1.2854135289865554,0.050936947371555324,0.25108047777341364
reasoner,math,conflict_to_reconciliation,1,903,6931,498,3.0036105947929235,0.08690835774635879,1.099815081223409
reasoner,math,verification_to_backtracking,1,1495,12656,498,2.086918387571439,0.06152281474598826,0.7356885129884124
reasoner,math,backtracking_to_subgoal,1,558,4014,498,2.0389118952332814,0.07083323716354673,0.7124162733928778
reasoner,math,reconciliation_to_verification,1,826,3076,498,1.5046495419864896,0.09006338015061713,0.4085600067374162
reasoner,moral,question_to_subgoal,1,285,1935,500,1.134315546661777,0.01744039392888508,0.12602942552937538
reasoner,moral,perspective_to_verification,1,39,5620,500,1.247167259786477,0.001375290784478505,0.22087475182643884
reasoner,moral,conflict_to_verification,1,7,2514,500,0.5004136833731107,-0.0027798036758674015,-0.6923199764701115
reasoner,moral,conflict_to_reconciliation,1,398,2514,500,1.9234783858311253,0.07600763567334745,0.6541352004181528
reasoner,moral,verification_to_backtracking,1,11,125,500,15.942903225806452,0.08248030269307811,2.7690136215895906
reasoner,moral,backtracking_to_subgoal,1,10,124,500,0.6210810930363718,-0.04920126648621871,-0.47629361627585803
reasoner,moral,reconciliation_to_verification,1,15,1849,500,1.4579772850189292,0.002548282244708041,0.3770499974637195
reasoner,planning,question_to_subgoal,1,56,3700,458,0.4288272246809608,-0.020159114539417093,-0.8467011431087434
reasoner,planning,perspective_to_verification,1,2149,12975,458,0.9286239103581307,-0.012730396739666777,-0.07405145447268717
reasoner,planning,conflict_to_verification,1,1745,10252,458,0.9543279568183237,-0.008145910381631066,-0.04674789609116258
reasoner,planning,conflict_to_reconciliation,1,3380,10252,458,4.765316141902088,0.26050606022833384,1.5613638701587063
reasoner,planning,verification_to_backtracking,1,1197,15893,458,1.4838102794975114,0.024557546956134622,0.3946132861443519
reasoner,planning,backtracking_to_subgoal,1,258,4523,458,1.6161779029422838,0.021747536750386973,0.48006403169177864
reasoner,planning,reconciliation_to_verification,1,842,6165,458,0.7657549685092455,-0.04177914761281323,-0.26689304315306533
reasoner,safety,question_to_subgoal,1,135,1506,312,0.737569919547047,-0.031894750832558924,-0.3043943861689418
reasoner,safety,perspective_to_verification,1,36,4980,312,0.4497050965367747,-0.00884587583586971,-0.7991631759528357
reasoner,safety,conflict_to_verification,1,29,1480,312,1.2189641524369557,0.0035198030960742824,0.19800143153922367
reasoner,safety,conflict_to_reconciliation,1,232,1480,312,2.722733013387219,0.09918344494615683,1.0016361491937016
reasoner,safety,verification_to_backtracking,1,22,239,312,4.639330543933055,0.07220893936375108,1.5345700369677657
reasoner,safety,backtracking_to_subgoal,1,29,295,312,0.8088544548976203,-0.02323110034974442,-0.21213628358401992
reasoner,safety,reconciliation_to_verification,1,12,856,312,0.8720916591717827,-0.0020560999097352668,-0.13686073774398214
reasoner,security,question_to_subgoal,1,37,1074,398,0.7108053258409155,-0.014016418632123682,-0.34135668159338783
reasoner,security,perspective_to_verification,1,981,9274,398,0.933900418503667,-0.007486865920809105,-0.06838546411697476
reasoner,security,conflict_to_verification,1,995,6856,398,1.281300294688491,0.031861889926393244,0.24787541558687898
reasoner,security,conflict_to_reconciliation,1,903,6856,398,3.2445349283155585,0.09111520479252219,1.1769720033719513
reasoner,security,verification_to_backtracking,1,1285,5985,398,3.2349384057996904,0.1483332511192187,1.174009877423909
reasoner,security,backtracking_to_subgoal,1,414,3507,398,2.435666403568163,0.06958254465439187,0.8902203839603218
reasoner,security,reconciliation_to_verification,1,257,2145,398,1.0578022367496052,0.006547055014125419,0.05619339369485547
