context,domain,block,n,prevalence,auroc,average_precision,brier,counts_auroc,delta_auroc_over_counts
full,math,metadata+length,2768,0.5820086705202312,0.6318758728211995,0.6859930642903751,0.23043454171415445,0.6356228006783528,-0.0037469278571532483
full,math,+counts,2768,0.5820086705202312,0.6356228006783528,0.7156683654660001,0.23019551616690195,0.6356228006783528,0.0
full,math,+coarse_timing,2768,0.5820086705202312,0.6343799944954925,0.7167925924523566,0.23025492242971504,0.6356228006783528,-0.0012428061828602122
full,math,+within_family_motifs,2768,0.5820086705202312,0.6391578103648909,0.7156008860690805,0.22982467120487432,0.6356228006783528,0.003535009686538193
full,math,+cross_family_motifs,2768,0.5820086705202312,0.6401068818682276,0.7201840997731592,0.22981333527629116,0.6356228006783528,0.004484081189874867
full,math,+all_motifs,2768,0.5820086705202312,0.6419511064542763,0.718441567833685,0.2296903981607573,0.6356228006783528,0.006328305775923582
full,code,metadata+length,871,0.6016073478760046,0.7536023054755043,0.7682479105995722,0.19500627472229992,0.8560232747431639,-0.10242096926765953
full,code,+counts,871,0.6016073478760046,0.8560232747431639,0.898474625227936,0.14959833257127966,0.8560232747431639,0.0
full,code,+coarse_timing,871,0.6016073478760046,0.859306597443738,0.8980308950885381,0.14768139157625396,0.8560232747431639,0.003283322700574187
full,code,+within_family_motifs,871,0.6016073478760046,0.8601040543810634,0.8984179744206765,0.14658558280931766,0.8560232747431639,0.004080779637899545
full,code,+cross_family_motifs,871,0.6016073478760046,0.8504685746969664,0.8891118300581978,0.15162544903746264,0.8560232747431639,-0.005554700046197514
full,code,+all_motifs,871,0.6016073478760046,0.8554733044415601,0.8955666185731159,0.14987388482074812,0.8560232747431639,-0.0005499703016037527
full,gpqa,metadata+length,2620,0.6908396946564885,0.7153154627924425,0.8381253760084791,0.18866891431612404,0.7382450037514494,-0.0229295409590069
full,gpqa,+counts,2620,0.6908396946564885,0.7382450037514494,0.8515146355395151,0.18313172891532514,0.7382450037514494,0.0
full,gpqa,+coarse_timing,2620,0.6908396946564885,0.738053338789987,0.8508941127683295,0.1830418914393369,0.7382450037514494,-0.00019166496146238998
full,gpqa,+within_family_motifs,2620,0.6908396946564885,0.7366571175226793,0.8502393239568979,0.1835848532472243,0.7382450037514494,-0.0015878862287701523
full,gpqa,+cross_family_motifs,2620,0.6908396946564885,0.7393711206602551,0.8528202367806089,0.18252049556097977,0.7382450037514494,0.0011261169088057077
full,gpqa,+all_motifs,2620,0.6908396946564885,0.7359948161789782,0.8503951586595228,0.18335581046927193,0.7382450037514494,-0.002250187572471196
full,planning,metadata+length,2817,0.8590699325523606,0.7574213626995857,0.9508426677550199,0.11047648480771109,0.78799987509628,-0.03057851239669429
full,planning,+counts,2817,0.8590699325523606,0.78799987509628,0.955466062307817,0.10746354034354806,0.78799987509628,0.0
full,planning,+coarse_timing,2817,0.8590699325523606,0.7933238961633741,0.9572710314197277,0.10656118398676424,0.78799987509628,0.005324021067094065
full,planning,+within_family_motifs,2817,0.8590699325523606,0.7907664924953681,0.955581199279207,0.1074854601846231,0.78799987509628,0.0027666173990881227
full,planning,+cross_family_motifs,2817,0.8590699325523606,0.7918750130108042,0.9562402823709878,0.10662967108717789,0.78799987509628,0.003875137914524207
full,planning,+all_motifs,2817,0.8590699325523606,0.7936746674438454,0.9563799706836994,0.10680388476554903,0.78799987509628,0.005674792347565405
full,moral,metadata+length,2902,0.5017229496898691,0.4766034665541927,0.494507099559439,0.2511014492287221,0.5180509324700197,-0.04144746591582693
full,moral,+counts,2902,0.5017229496898691,0.5180509324700197,0.5118722052464284,0.25110571087442296,0.5180509324700197,0.0
full,moral,+coarse_timing,2902,0.5017229496898691,0.5213011832565775,0.5146987775749371,0.25124301957522316,0.5180509324700197,0.003250250786557829
full,moral,+within_family_motifs,2902,0.5017229496898691,0.5188982870518141,0.5120764940618197,0.2515454584061628,0.5180509324700197,0.0008473545817944128
full,moral,+cross_family_motifs,2902,0.5017229496898691,0.5105743582143997,0.5046855498847498,0.2518974638277305,0.5180509324700197,-0.007476574255619983
full,moral,+all_motifs,2902,0.5017229496898691,0.511800742480203,0.502025937488246,0.25234995414896566,0.5180509324700197,-0.006250189989816635
full,idea,metadata+length,2496,0.7119391025641025,0.5909594313993596,0.768016271017592,0.20086931900821048,0.5886622685324691,0.002297162866890523
full,idea,+counts,2496,0.7119391025641025,0.5886622685324691,0.7631286864102615,0.20153503584228047,0.5886622685324691,0.0
full,idea,+coarse_timing,2496,0.7119391025641025,0.5887530592965438,0.764172896536868,0.20170933194622828,0.5886622685324691,9.079076407469966e-05
full,idea,+within_family_motifs,2496,0.7119391025641025,0.5989928486619711,0.7730564286054037,0.2005390311067308,0.5886622685324691,0.010330580129502054
full,idea,+cross_family_motifs,2496,0.7119391025641025,0.5914039930717255,0.7629644343829332,0.20148056641523218,0.5886622685324691,0.0027417245392564737
full,idea,+all_motifs,2496,0.7119391025641025,0.5979604950601215,0.7679616608262811,0.20102961141982467,0.5886622685324691,0.009298226527652442
full,safety,metadata+length,1594,0.9278544542032622,0.9423494135285299,0.9952868382045813,0.04496840156634301,0.9417291354322839,0.0006202780962459853
full,safety,+counts,1594,0.9278544542032622,0.9417291354322839,0.9952086114336203,0.04529225186226662,0.9417291354322839,0.0
full,safety,+coarse_timing,1594,0.9278544542032622,0.9392656612870035,0.9947122439409831,0.04478371969354869,0.9417291354322839,-0.0024634741452803643
full,safety,+within_family_motifs,1594,0.9278544542032622,0.940100537966311,0.9950341819727786,0.04555141896813643,0.9417291354322839,-0.0016285974659728808
full,safety,+cross_family_motifs,1594,0.9278544542032622,0.9348031866419731,0.9942089122066294,0.04605917260654592,0.9417291354322839,-0.006925948790310721
full,safety,+all_motifs,1594,0.9278544542032622,0.9322280036452362,0.993825840261052,0.046130940625949364,0.9417291354322839,-0.0095011317870477
full,security,metadata+length,2238,0.7064343163538874,0.7259763727752603,0.8513075720414948,0.17710688850853828,0.7609088904870143,-0.034932517711753985
full,security,+counts,2238,0.7064343163538874,0.7609088904870143,0.870407761368569,0.17070046496916333,0.7609088904870143,0.0
full,security,+coarse_timing,2238,0.7064343163538874,0.7591268844160632,0.8698072419242106,0.17137380952887948,0.7609088904870143,-0.0017820060709510255
full,security,+within_family_motifs,2238,0.7064343163538874,0.761602053302295,0.8716773932767474,0.17107025145184918,0.7609088904870143,0.0006931628152807567
full,security,+cross_family_motifs,2238,0.7064343163538874,0.7613690735782701,0.8714272615002057,0.17115738323234755,0.7609088904870143,0.0004601830912558391
full,security,+all_motifs,2238,0.7064343163538874,0.762730368329391,0.8721065796543274,0.17133046315651465,0.7609088904870143,0.0018214778423767397
isolated,math,metadata+length,2768,0.5820086705202312,0.6318758728211995,0.6859930642903751,0.23043454171415445,0.6352241799169174,-0.003348307095717873
isolated,math,+counts,2768,0.5820086705202312,0.6352241799169174,0.7153834784249785,0.23002815835594498,0.6352241799169174,0.0
isolated,math,+coarse_timing,2768,0.5820086705202312,0.6339191395371171,0.7155108475979242,0.2301223112824947,0.6352241799169174,-0.0013050403798002819
isolated,math,+within_family_motifs,2768,0.5820086705202312,0.6383434007876918,0.7176314920324397,0.2296949306040316,0.6352241799169174,0.0031192208707744307
isolated,math,+cross_family_motifs,2768,0.5820086705202312,0.6395655516551882,0.7200912994923104,0.22987603977240062,0.6352241799169174,0.004341371738270872
isolated,math,+all_motifs,2768,0.5820086705202312,0.6406050236945975,0.720915190231752,0.2297487792413778,0.6352241799169174,0.005380843777680111
isolated,code,metadata+length,871,0.6016073478760046,0.7536023054755043,0.7682479105995722,0.19500627472229992,0.8607970169610841,-0.1071947114855798
isolated,code,+counts,871,0.6016073478760046,0.8607970169610841,0.9035474196533192,0.14708978692338695,0.8607970169610841,0.0
isolated,code,+coarse_timing,871,0.6016073478760046,0.8629364014343226,0.9023071422444512,0.14579393944295094,0.8607970169610841,0.0021393844732384704
isolated,code,+within_family_motifs,871,0.6016073478760046,0.8619024572673075,0.9025299666601777,0.14620731023971553,0.8607970169610841,0.001105440306223393
isolated,code,+cross_family_motifs,871,0.6016073478760046,0.8620784477638207,0.8982778228526127,0.14544670479948485,0.8607970169610841,0.0012814308027365717
isolated,code,+all_motifs,871,0.6016073478760046,0.8640473414435621,0.9021968648169093,0.1448826368224953,0.8607970169610841,0.003250324482477973
isolated,gpqa,metadata+length,2620,0.6908396946564885,0.7153154627924425,0.8381253760084791,0.18866891431612404,0.7337398540345134,-0.018424391242070848
isolated,gpqa,+counts,2620,0.6908396946564885,0.7337398540345134,0.8469178276926248,0.18386247585215768,0.7337398540345134,0.0
isolated,gpqa,+coarse_timing,2620,0.6908396946564885,0.7324138871836846,0.8458271704311717,0.18416585522630133,0.7337398540345134,-0.0013259668508287525
isolated,gpqa,+within_family_motifs,2620,0.6908396946564885,0.733362662847009,0.8466389374933893,0.18426566717280066,0.7337398540345134,-0.00037719118750434433
isolated,gpqa,+cross_family_motifs,2620,0.6908396946564885,0.7368590137098424,0.8506489948603253,0.18314126811398837,0.7337398540345134,0.003119159675329053
isolated,gpqa,+all_motifs,2620,0.6908396946564885,0.735740399699884,0.8478172640102023,0.18378345266713458,0.7337398540345134,0.0020005456653706677
isolated,planning,metadata+length,2817,0.8590699325523606,0.7574213626995857,0.9508426677550199,0.11047648480771109,0.7849012219747278,-0.02747985927514207
isolated,planning,+counts,2817,0.8590699325523606,0.7849012219747278,0.9551163007617516,0.10814564627154069,0.7849012219747278,0.0
isolated,planning,+coarse_timing,2817,0.8590699325523606,0.7899556591793826,0.9554825486000369,0.10680331243109532,0.7849012219747278,0.005054437204654816
isolated,planning,+within_family_motifs,2817,0.8590699325523606,0.7878104377875388,0.9555490843009543,0.1082118063305161,0.7849012219747278,0.0029092158128110057
isolated,planning,+cross_family_motifs,2817,0.8590699325523606,0.7909423985677707,0.9562061909708282,0.10680898925530949,0.7849012219747278,0.0060411765930429295
isolated,planning,+all_motifs,2817,0.8590699325523606,0.7941087078710161,0.9568498758897228,0.10668793283068763,0.7849012219747278,0.009207485896288281
isolated,moral,metadata+length,2902,0.5017229496898691,0.4766034665541927,0.494507099559439,0.2511014492287221,0.5252033366011581,-0.04859987004696542
isolated,moral,+counts,2902,0.5017229496898691,0.5252033366011581,0.5238165858220505,0.25050180776008346,0.5252033366011581,0.0
isolated,moral,+coarse_timing,2902,0.5017229496898691,0.5215251337528308,0.5222551897062008,0.2509486512705411,0.5252033366011581,-0.0036782028483273166
isolated,moral,+within_family_motifs,2902,0.5017229496898691,0.5205452612739957,0.5221348759867256,0.2511427711848255,0.5252033366011581,-0.0046580753271624475
isolated,moral,+cross_family_motifs,2902,0.5017229496898691,0.5332332561974679,0.5255856401830913,0.25039183400269754,0.5252033366011581,0.00802991959630972
isolated,moral,+all_motifs,2902,0.5017229496898691,0.5289223872600428,0.5239287252940734,0.25102327625053994,0.5252033366011581,0.0037190506588846706
isolated,idea,metadata+length,2496,0.7119391025641025,0.5909594313993596,0.768016271017592,0.20086931900821048,0.5896914914183161,0.0012679399810434644
isolated,idea,+counts,2496,0.7119391025641025,0.5896914914183161,0.7535541563333684,0.20170371804043893,0.5896914914183161,0.0
isolated,idea,+coarse_timing,2496,0.7119391025641025,0.5872088336282729,0.7539022119394333,0.20212057062880925,0.5896914914183161,-0.0024826577900431968
isolated,idea,+within_family_motifs,2496,0.7119391025641025,0.5992589595221901,0.7709664276707733,0.20075874927457876,0.5896914914183161,0.009567468103873988
isolated,idea,+cross_family_motifs,2496,0.7119391025641025,0.589289194411985,0.7574939406433654,0.20179283342810964,0.5896914914183161,-0.0004022970063310982
isolated,idea,+all_motifs,2496,0.7119391025641025,0.5968138703241778,0.7672321607597788,0.2012038153709476,0.5896914914183161,0.007122378905861648
isolated,safety,metadata+length,1594,0.9278544542032622,0.9423494135285299,0.9952868382045813,0.04496840156634301,0.9408060675544581,0.001543345974071797
isolated,safety,+counts,1594,0.9278544542032622,0.9408060675544581,0.9952551692851795,0.046372019726146636,0.9408060675544581,0.0
isolated,safety,+coarse_timing,1594,0.9278544542032622,0.9366199253314519,0.9946135202996058,0.046431236272947526,0.9408060675544581,-0.004186142223006173
isolated,safety,+within_family_motifs,1594,0.9278544542032622,0.9334215245318517,0.9942659054826265,0.04696350494812933,0.9408060675544581,-0.007384543022606382
isolated,safety,+cross_family_motifs,1594,0.9278544542032622,0.9341682100126407,0.9944125526454757,0.04751589936095297,0.9408060675544581,-0.006637857541817338
isolated,safety,+all_motifs,1594,0.9278544542032622,0.9301584501866713,0.9936685581446656,0.04788895267062932,0.9408060675544581,-0.010647617367786744
isolated,security,metadata+length,2238,0.7064343163538874,0.7259763727752603,0.8513075720414948,0.17710688850853828,0.7734820937753016,-0.04750572100004136
isolated,security,+counts,2238,0.7064343163538874,0.7734820937753016,0.8815289671090003,0.16826419204653545,0.7734820937753016,0.0
isolated,security,+coarse_timing,2238,0.7064343163538874,0.7701472104528952,0.8795484644899773,0.1692090725475295,0.7734820937753016,-0.00333488332240639
isolated,security,+within_family_motifs,2238,0.7064343163538874,0.7750840700595061,0.8818812647705033,0.16818008486102773,0.7734820937753016,0.0016019762842044427
isolated,security,+cross_family_motifs,2238,0.7064343163538874,0.7759197163423723,0.8840969157213101,0.1682704683451992,0.7734820937753016,0.0024376225670706964
isolated,security,+all_motifs,2238,0.7064343163538874,0.7791159671017226,0.884641724363385,0.16757184346683074,0.7734820937753016,0.005633873326420957
