gen_model,model_label,task_type,signature_family,high_n,low_n,incomplete_n,n,status,length_auroc,amount_auroc,full_auroc,amount_gain_bits,amount_gain_ci_low,amount_gain_ci_high,amount_p_value,timing_gain_bits,timing_gain_ci_low,timing_gain_ci_high,timing_p_value,amount_q_value,timing_q_value,amount_supported,timing_supported
gemma4_31b,Gemma 4 31B,code,conversational,134,40,0,174,estimated,0.8470149253731343,0.8395522388059702,0.8343283582089552,-0.00929642868687655,-0.05658267099847067,0.042795918704613356,0.6313686313686314,-0.03542475993503842,-0.09525627443869977,0.02072708486295321,0.8691308691308691,0.9293040293040293,1.0,False,False
gemma4_31b,Gemma 4 31B,code,cognitive,134,40,0,174,estimated,0.8470149253731343,0.876679104477612,0.8569029850746268,0.04580190318761823,-0.00653257614173447,0.09688794556193166,0.04495504495504495,-0.040699249550606,-0.09705467461150517,0.013595256338696987,0.903096903096903,0.27615241900956183,1.0,False,False
gemma4_31b,Gemma 4 31B,gpqa,conversational,385,108,0,493,estimated,0.7461038961038962,0.7475949975949976,0.7396825396825397,-0.0014794007952388,-0.018074091866195612,0.013236872896233721,0.5614385614385614,-0.0026714717431590464,-0.01978741950528758,0.013655673914435474,0.6033966033966034,0.9285330054560823,1.0,False,False
gemma4_31b,Gemma 4 31B,gpqa,cognitive,385,108,0,493,estimated,0.7461038961038962,0.7532467532467533,0.7296055796055796,0.004172785312386406,-0.014834234736475643,0.023451732520282594,0.31868131868131866,-0.02980202566928529,-0.050609251052065124,-0.012909388983658846,0.999000999000999,0.7612942612942613,1.0,False,False
gemma4_31b,Gemma 4 31B,idea,conversational,403,97,0,500,estimated,0.5472615179964698,0.5799800465580313,0.595661405438592,0.002126458474887987,-0.01714269113819772,0.021581833561745565,0.4115884115884116,-0.008165826495150847,-0.035845708707060345,0.01676027625015574,0.7172827172827173,0.8259467804922351,1.0,False,False
gemma4_31b,Gemma 4 31B,idea,cognitive,403,97,0,500,estimated,0.5472615179964698,0.515949962907063,0.5468010539510373,-0.008322540933489744,-0.014902016144523035,-0.0017574714941072046,0.993006993006993,-0.0014192517763811346,-0.016250153079646622,0.01485040230080047,0.5784215784215784,1.0,1.0,False,False
gemma4_31b,Gemma 4 31B,math,conversational,237,262,0,499,estimated,0.6522047218732889,0.639514284794022,0.6331851708699713,0.002569485418883928,-0.018389099817120412,0.022982314137240667,0.3956043956043956,-0.009885075774960414,-0.03354409037914231,0.014675978751235585,0.7932067932067932,0.8259467804922351,1.0,False,False
gemma4_31b,Gemma 4 31B,math,cognitive,237,262,0,499,estimated,0.6522047218732889,0.6525912326472767,0.6279833800367185,0.005240414008443435,-0.01991851313371685,0.028061253995548388,0.3776223776223776,-0.023799238662233983,-0.03668267734999308,-0.011982883622399017,1.0,0.8259467804922351,1.0,False,False
gemma4_31b,Gemma 4 31B,moral,conversational,250,250,0,500,estimated,0.589504,0.601664,0.62624,-0.002252815417487006,-0.016829008898753824,0.011859071808418192,0.6253746253746254,0.00807060618234707,-0.02012645267159661,0.03885296915380825,0.28471528471528473,0.9293040293040293,1.0,False,False
gemma4_31b,Gemma 4 31B,moral,cognitive,250,250,0,500,estimated,0.589504,0.6036,0.577744,-0.023956273622921066,-0.08124146324593148,0.013346029913499266,0.7782217782217782,-0.019974017370249748,-0.04152800028743432,0.002175806819734249,0.9660339660339661,1.0,1.0,False,False
gemma4_31b,Gemma 4 31B,planning,conversational,469,31,0,500,estimated,0.8341701630098356,0.8492330971868767,0.8438682165210812,0.007588213522194915,-0.010197819008430184,0.024019531608798973,0.18281718281718282,-0.001557441232807092,-0.03327136331300738,0.0263459348320064,0.5324675324675324,0.5421475076647491,1.0,False,False
gemma4_31b,Gemma 4 31B,planning,cognitive,469,31,0,500,estimated,0.8341701630098356,0.8682165210812298,0.8523282206479125,0.013927211599254466,-2.2041716850946687e-05,0.02686557625067899,0.029970029970029972,-0.003477390873431765,-0.029717235259753387,0.01851610784930775,0.6143856143856143,0.24212151484878755,1.0,False,False
gemma4_31b,Gemma 4 31B,safety,conversational,309,4,0,313,insufficient_high_low_support,,,,,,,,,,,,,,False,False
gemma4_31b,Gemma 4 31B,safety,cognitive,309,4,0,313,insufficient_high_low_support,,,,,,,,,,,,,,False,False
gemma4_31b,Gemma 4 31B,security,conversational,419,74,0,493,estimated,0.6243952783332258,0.5930787589498807,0.5739856801909308,-0.016117388961002656,-0.02968573323716487,-0.003264836414080323,0.991008991008991,-0.012332112769721468,-0.028397579150588426,0.004964169597291388,0.919080919080919,1.0,1.0,False,False
gemma4_31b,Gemma 4 31B,security,cognitive,419,74,0,493,estimated,0.6243952783332258,0.6600335418951171,0.6223311617106366,0.007032826624657795,-0.01407063329926552,0.02867728420246853,0.2787212787212787,-0.028029063658871582,-0.05477643445289801,-0.004607755912775569,0.989010989010989,0.7263645445463627,1.0,False,False
gemma4_e4b,Gemma 4 E4B,code,conversational,90,82,0,172,estimated,0.87710027100271,0.8941734417344174,0.8962059620596206,0.0556286304260617,-0.007432992914375147,0.1249867157379262,0.06493506493506493,0.004334991872210759,-0.04952610698249445,0.053643821839570296,0.45054945054945056,0.3487101134159958,1.0,False,False
gemma4_e4b,Gemma 4 E4B,code,cognitive,90,82,0,172,estimated,0.87710027100271,0.8780487804878049,0.8643631436314363,0.007280498322656093,-0.04628859035855657,0.06211218190097261,0.4155844155844156,-0.041395121079757555,-0.08441696420033014,-0.0034423651938686804,0.962037962037962,0.8259467804922351,1.0,False,False
gemma4_e4b,Gemma 4 E4B,gpqa,conversational,256,221,0,477,estimated,0.5870598840497737,0.5728223981900452,0.5786906108597285,-0.009029994642429151,-0.02319784355126056,0.005360605541145662,0.8951048951048951,-0.009973264687557836,-0.03826326499243357,0.01518929051757968,0.7802197802197802,1.0,1.0,False,False
gemma4_e4b,Gemma 4 E4B,gpqa,cognitive,256,221,0,477,estimated,0.5870598840497737,0.6308328619909502,0.6434177036199095,0.017879334252670274,-0.009687528217656463,0.04585505709599467,0.13486513486513488,0.0010864540762793918,-0.025368924135169772,0.027392200984448032,0.45054945054945056,0.46393606393606396,1.0,False,False
gemma4_e4b,Gemma 4 E4B,idea,conversational,365,135,0,500,estimated,0.5316692034500253,0.5456113647894469,0.5494875697615423,-0.0034484710049576327,-0.02074698001209825,0.014430238387376657,0.6243756243756243,-0.008180557436835547,-0.03068208913189979,0.013774966881338755,0.7582417582417582,0.9293040293040293,1.0,False,False
gemma4_e4b,Gemma 4 E4B,idea,cognitive,365,135,0,500,estimated,0.5316692034500253,0.5360121765601218,0.5184779299847793,-0.006413545615775965,-0.020356196966066404,0.007277447099657431,0.7672327672327672,-0.017085592146036343,-0.03394566784882167,0.0007978997174802984,0.9590409590409591,1.0,1.0,False,False
gemma4_e4b,Gemma 4 E4B,math,conversational,271,214,0,485,estimated,0.5277787357312825,0.5349863779011622,0.535538159119909,-0.006060306385588654,-0.022633618232496686,0.007774995823757228,0.7872127872127872,-0.012837646432844267,-0.03928218759545447,0.010848998431768201,0.8521478521478522,1.0,1.0,False,False
gemma4_e4b,Gemma 4 E4B,math,cognitive,271,214,0,485,estimated,0.5277787357312825,0.4975859571679829,0.4901196675518157,-0.011738590699980716,-0.022384352860308928,-0.0011187805538935885,0.98001998001998,-0.021686967782573955,-0.04301956194632177,-0.0028084907140652738,0.978021978021978,1.0,1.0,False,False
gemma4_e4b,Gemma 4 E4B,moral,conversational,250,250,0,500,estimated,0.427992,0.538168,0.539,-0.0010857011395319042,-0.02341273015451624,0.02156191721300345,0.5284715284715285,-0.01672837808998203,-0.039351515543135845,0.004339573652104338,0.932067932067932,0.90125560713796,1.0,False,False
gemma4_e4b,Gemma 4 E4B,moral,cognitive,250,250,0,500,estimated,0.427992,0.479464,0.517608,-0.010867265062649647,-0.02662847498351479,0.004124727910349335,0.935064935064935,-0.004978751081730298,-0.026605300536595468,0.018204709788954183,0.6593406593406593,1.0,1.0,False,False
gemma4_e4b,Gemma 4 E4B,planning,conversational,408,80,0,488,estimated,0.761734068627451,0.7566176470588235,0.7927389705882353,0.003932834149137697,-0.017917350046117535,0.02433657265953179,0.3706293706293706,0.035085577379023326,-0.002432128981315098,0.06745144105781936,0.023976023976023976,0.8259467804922351,1.0,False,False
gemma4_e4b,Gemma 4 E4B,planning,cognitive,408,80,0,488,estimated,0.761734068627451,0.7608149509803922,0.7786458333333334,0.012312174315489676,-0.015091679876229114,0.03929096546693323,0.1798201798201798,0.01881720576878406,-0.0182643627532579,0.05364990369212118,0.16183816183816183,0.5421475076647491,1.0,False,False
gemma4_e4b,Gemma 4 E4B,safety,conversational,54,3,0,57,insufficient_high_low_support,,,,,,,,,,,,,,False,False
gemma4_e4b,Gemma 4 E4B,safety,cognitive,54,3,0,57,insufficient_high_low_support,,,,,,,,,,,,,,False,False
gemma4_e4b,Gemma 4 E4B,security,conversational,288,184,0,472,estimated,0.6015813707729468,0.6303592995169082,0.6169233091787439,0.003182626808912396,-0.023160160747294056,0.028323773389747127,0.4155844155844156,-0.01198763191235154,-0.03356939983293122,0.007249435397193594,0.8921078921078921,0.8259467804922351,1.0,False,False
gemma4_e4b,Gemma 4 E4B,security,cognitive,288,184,0,472,estimated,0.6015813707729468,0.6826690821256038,0.6769701086956522,0.045436587331666826,0.013099873639007439,0.0809282145032263,0.006993006993006993,-0.010263335037370548,-0.03501722595672828,0.015061722283049257,0.7862137862137862,0.12027972027972027,1.0,False,False
qwen35_27b,Qwen3.5 27B,code,conversational,111,46,1,157,estimated,0.7894633764198982,0.8061104582843713,0.8012142577359969,-0.11172527532643335,-0.5142224050588464,0.14150269685809544,0.5214785214785215,-0.06857530425517784,-0.2354662878011399,0.0639259404531587,0.7772227772227772,0.90125560713796,1.0,False,False
qwen35_27b,Qwen3.5 27B,code,cognitive,111,46,1,157,estimated,0.7894633764198982,0.8603603603603603,0.8392087739913827,0.16864901971915539,0.0371967966662678,0.2970236621000454,0.012987012987012988,-0.037140960833735304,-0.11173764591434357,0.028972335036167772,0.8251748251748252,0.15955473098330245,1.0,False,False
qwen35_27b,Qwen3.5 27B,gpqa,conversational,381,102,1,483,estimated,0.656451031856312,0.7164067726828264,0.7028202357058309,0.04003890375332845,0.00686066986881859,0.0772914011172364,0.011988011988011988,-0.016240737740590153,-0.04344119254191799,0.010423537662919652,0.8941058941058941,0.15955473098330245,1.0,False,False
qwen35_27b,Qwen3.5 27B,gpqa,cognitive,381,102,1,483,estimated,0.656451031856312,0.7258504451649426,0.7278832792959704,0.0379743473387682,0.0019502717541371075,0.07137379724496949,0.017982017982017984,-0.00034600886866947785,-0.02530764471544297,0.023950337030401215,0.5094905094905094,0.18137418137418138,1.0,False,False
qwen35_27b,Qwen3.5 27B,idea,conversational,335,163,0,498,estimated,0.623972163721271,0.6501236150535665,0.6283490522845894,0.011696880883016847,-0.01234285486563707,0.03373494385685534,0.16683316683316685,-0.0218723501890592,-0.03712492266565309,-0.0049315465775271565,0.995004995004995,0.5313945313945315,1.0,False,False
qwen35_27b,Qwen3.5 27B,idea,cognitive,335,163,0,498,estimated,0.623972163721271,0.6098708909440528,0.5752586759454262,-0.00889661176925613,-0.021396078990971658,0.0032408749644949595,0.8971028971028971,-0.03897270800744951,-0.08023551670929338,-0.010217389868240213,0.997002997002997,1.0,1.0,False,False
qwen35_27b,Qwen3.5 27B,math,conversational,251,188,0,439,estimated,0.6107061117233195,0.5816097312876155,0.5712893108417394,-0.012650536758567409,-0.023260162675100574,-0.0029831305543799413,0.988011988011988,-0.01814459992603697,-0.0407744065807562,0.0050458112040085235,0.9310689310689311,1.0,1.0,False,False
qwen35_27b,Qwen3.5 27B,math,cognitive,251,188,0,439,estimated,0.6107061117233195,0.61093922183606,0.5891540222090362,0.0003885158257653729,-0.010240425231403342,0.011711367692508762,0.5344655344655345,-0.013065543358823843,-0.033983352711331134,0.007578736756156682,0.8821178821178821,0.90125560713796,1.0,False,False
qwen35_27b,Qwen3.5 27B,moral,conversational,250,247,0,497,estimated,0.562753036437247,0.5649392712550607,0.5656194331983806,-0.000871739093588273,-0.012674332460867601,0.011728583763086246,0.5294705294705294,-0.007865549736118395,-0.028176456154357536,0.012552951071178096,0.7682317682317682,0.90125560713796,1.0,False,False
qwen35_27b,Qwen3.5 27B,moral,cognitive,250,247,0,497,estimated,0.562753036437247,0.5448582995951416,0.5482267206477732,-0.007767598033195586,-0.02010169364614518,0.004606178185479557,0.8811188811188811,-0.041935139132643164,-0.09811244464958882,0.0005366305617706065,0.961038961038961,1.0,1.0,False,False
qwen35_27b,Qwen3.5 27B,planning,conversational,464,35,0,499,estimated,0.8104064039408867,0.8911945812807882,0.8927339901477832,0.05166642861166079,0.021273791650748084,0.08332771292222342,0.002997002997002997,0.004219957067221163,-0.017568813344825303,0.024782762271249686,0.3706293706293706,0.0859140859140859,1.0,False,False
qwen35_27b,Qwen3.5 27B,planning,cognitive,464,35,0,499,estimated,0.8104064039408867,0.8841133004926108,0.8956896551724138,0.04433198481993751,0.025230826690714983,0.06255335387278486,0.000999000999000999,0.01419244207652764,-0.019799393357553884,0.044484800117831375,0.20279720279720279,0.04295704295704296,1.0,True,False
qwen35_27b,Qwen3.5 27B,safety,conversational,313,0,0,313,insufficient_high_low_support,,,,,,,,,,,,,,False,False
qwen35_27b,Qwen3.5 27B,safety,cognitive,313,0,0,313,insufficient_high_low_support,,,,,,,,,,,,,,False,False
qwen35_27b,Qwen3.5 27B,security,conversational,372,83,1,455,estimated,0.589778468713564,0.6739214924212981,0.6778727814483742,0.024266504617969625,-0.0037982039838806176,0.050792155240791836,0.030969030969030968,0.0011977288746783262,-0.019863875859296894,0.02303426811849093,0.44955044955044954,0.24212151484878755,1.0,False,False
qwen35_27b,Qwen3.5 27B,security,cognitive,372,83,1,455,estimated,0.589778468713564,0.5348166860992356,0.6037375307682342,-0.023358985716954758,-0.043614146524812165,-0.0069399385031855745,0.994005994005994,0.011706966984912191,-0.02344575850486446,0.0442455100995587,0.25874125874125875,1.0,1.0,False,False
qwen35_4b,Qwen3.5 4B,code,conversational,69,23,2,92,estimated,0.5595463137996219,0.5822306238185255,0.6483931947069943,-0.041708052569613,-0.16745739571168003,0.06998658383438393,0.7402597402597403,-0.06644943761622474,-0.2636894434097763,0.08938029125388869,0.7402597402597403,1.0,1.0,False,False
qwen35_4b,Qwen3.5 4B,code,cognitive,69,23,2,92,estimated,0.5595463137996219,0.7309388783868935,0.725897920604915,0.04930946931879455,-0.06272881456074567,0.15507514653139162,0.21178821178821178,-0.014734269332079952,-0.12996380071366417,0.09971072918119901,0.5674325674325674,0.6041700235248623,1.0,False,False
qwen35_4b,Qwen3.5 4B,gpqa,conversational,251,65,5,316,estimated,0.49114311982837877,0.5420778424762489,0.45743181121667176,-0.005658249728992428,-0.028788024972253027,0.01634423790346574,0.7122877122877123,-0.05718519856959534,-0.08441592154808632,-0.0324024374371407,1.0,1.0,1.0,False,False
qwen35_4b,Qwen3.5 4B,gpqa,cognitive,251,65,5,316,estimated,0.49114311982837877,0.5716212074777812,0.5415874961691695,0.003189221353089434,-0.02478978817894775,0.03150537622427803,0.4225774225774226,-0.022459943623163014,-0.04780243212165775,0.0020001909790402627,0.9690309690309691,0.8259467804922351,1.0,False,False
qwen35_4b,Qwen3.5 4B,idea,conversational,134,27,0,161,estimated,0.5110558319513543,0.44859038142620233,0.5085682697622996,-0.054459116878057004,-0.09999205643813242,-0.009304358031738298,0.99000999000999,-0.04437131512267083,-0.10210925312802571,0.006154602659251219,0.9430569430569431,1.0,1.0,False,False
qwen35_4b,Qwen3.5 4B,idea,cognitive,134,27,0,161,estimated,0.5110558319513543,0.42841348811498065,0.4320066334991708,-0.06484611675137258,-0.13622368039906743,-0.013382773755045494,0.991008991008991,-0.026725822790494413,-0.08175604698296263,0.033973142255502194,0.7972027972027972,1.0,1.0,False,False
qwen35_4b,Qwen3.5 4B,math,conversational,217,191,1,408,estimated,0.5994402489926894,0.5983062706589138,0.5949767172533598,-0.0032476954243701125,-0.027786925331830484,0.023073802815705445,0.6093906093906094,-0.0027413677003222505,-0.023746381448022894,0.018845105817209367,0.6303696303696303,0.9293040293040293,1.0,False,False
qwen35_4b,Qwen3.5 4B,math,cognitive,217,191,1,408,estimated,0.5994402489926894,0.5929259053731272,0.5635389774893237,-0.008403789855157523,-0.03246743445371507,0.012994078298761081,0.7452547452547452,-0.024814785367917307,-0.04199109521089903,-0.00807472001158705,0.999000999000999,1.0,1.0,False,False
qwen35_4b,Qwen3.5 4B,moral,conversational,210,210,0,420,estimated,0.4068253968253968,0.446281179138322,0.5276870748299319,-0.012107558158626052,-0.02631902955069491,0.0008367087112642649,0.9590409590409591,-0.00036971709592693316,-0.03021074916036762,0.03198082601709092,0.4985014985014985,1.0,1.0,False,False
qwen35_4b,Qwen3.5 4B,moral,cognitive,210,210,0,420,estimated,0.4068253968253968,0.5512471655328798,0.5390022675736962,0.021869492285005697,-0.004780568899995787,0.04809356552277535,0.04195804195804196,-0.0270219007175255,-0.06692766188766194,0.000296347795557746,0.955044955044955,0.27615241900956183,1.0,False,False
qwen35_4b,Qwen3.5 4B,planning,conversational,367,62,5,429,estimated,0.663619583369957,0.679704667311242,0.7788081216489409,-0.006214684392728234,-0.030974589478250443,0.021717958569579355,0.6483516483516484,0.03334642478742096,-0.023261917144042677,0.08977177923771422,0.1258741258741259,0.9293040293040293,1.0,False,False
qwen35_4b,Qwen3.5 4B,planning,cognitive,367,62,5,429,estimated,0.663619583369957,0.7370132723916674,0.7134130262810935,0.016076439044033875,-0.04349902085169627,0.0656122478008221,0.2987012987012987,-0.008739715807661244,-0.02844849436830544,0.011785513278651622,0.7652347652347652,0.7486798915370344,1.0,False,False
qwen35_4b,Qwen3.5 4B,safety,conversational,291,0,0,291,insufficient_high_low_support,,,,,,,,,,,,,,False,False
qwen35_4b,Qwen3.5 4B,safety,cognitive,291,0,0,291,insufficient_high_low_support,,,,,,,,,,,,,,False,False
qwen35_4b,Qwen3.5 4B,security,conversational,139,43,1,182,estimated,0.7157436841224695,0.7388321900619039,0.7550610674251297,-0.0007102272946666749,-0.07787645245483676,0.06197242558274862,0.5224775224775224,-0.004062251205693912,-0.07707381587737396,0.06372806447312332,0.5124875124875125,0.90125560713796,1.0,False,False
qwen35_4b,Qwen3.5 4B,security,cognitive,139,43,1,182,estimated,0.7157436841224695,0.749372594947298,0.703195583068429,0.01864361525468534,-0.05566018504632272,0.08685494908104537,0.32867132867132864,-0.057845754309313824,-0.11639413309815211,-0.003997654222709431,0.98001998001998,0.7639387639387639,1.0,False,False
qwen35_9b,Qwen3.5 9B,code,conversational,76,50,2,126,estimated,0.7557894736842106,0.7707894736842106,0.7657894736842106,-0.23452442505405557,-0.8553546871384019,0.10702665722344451,0.6003996003996004,-0.02517492501978068,-0.14392869519320795,0.07291903970965498,0.7022977022977023,0.9293040293040293,1.0,False,False
qwen35_9b,Qwen3.5 9B,code,cognitive,76,50,2,126,estimated,0.7557894736842106,0.8947368421052632,0.8618421052631579,0.23821834745388765,0.07681778327680928,0.38134627030169155,0.000999000999000999,-0.06284587526619918,-0.13588865892196225,0.00843936001079135,0.955044955044955,0.04295704295704296,1.0,True,False
qwen35_9b,Qwen3.5 9B,gpqa,conversational,326,87,4,413,estimated,0.6441717791411042,0.6776673013186658,0.6782314364290247,0.016365881042171897,-0.010489880309484402,0.04014677659988594,0.12287712287712288,-0.022676361178340855,-0.06005891993783092,0.009162746728273422,0.9010989010989011,0.4403096903096903,1.0,False,False
qwen35_9b,Qwen3.5 9B,gpqa,cognitive,326,87,4,413,estimated,0.6441717791411042,0.6915591284112544,0.6523869966857062,0.01992490938946283,-0.019616968396146135,0.0578687542639336,0.16083916083916083,-0.044186716595069266,-0.0747300148911892,-0.013673251867975158,0.998001998001998,0.5313945313945315,1.0,False,False
qwen35_9b,Qwen3.5 9B,idea,conversational,201,143,0,344,estimated,0.5962843127022232,0.651497755975368,0.6301360331211078,0.02611656626819124,-0.012823143254811155,0.06431224241916159,0.1048951048951049,-0.024005416165490397,-0.05677701083950943,0.007062544092531376,0.922077922077922,0.4295704295704296,1.0,False,False
qwen35_9b,Qwen3.5 9B,idea,cognitive,201,143,0,344,estimated,0.5962843127022232,0.6269352538009254,0.5962147305430887,0.02092536495114721,-0.0055042454770528595,0.047371276853580974,0.06293706293706294,-0.02464193127858612,-0.04564760447243752,-0.0025657293853636057,0.99000999000999,0.3487101134159958,1.0,False,False
qwen35_9b,Qwen3.5 9B,math,conversational,238,200,1,438,estimated,0.6046428571428571,0.5884453781512605,0.574327731092437,-0.011226409311703545,-0.02689111987379495,0.003960987721480437,0.9270729270729271,-0.007556581532054731,-0.025196182881649487,0.00839711923822101,0.8211788211788211,1.0,1.0,False,False
qwen35_9b,Qwen3.5 9B,math,cognitive,238,200,1,438,estimated,0.6046428571428571,0.635609243697479,0.5975420168067227,0.01585425249278438,-0.003628517829542387,0.0367088560800398,0.06893106893106893,-0.027381961846125968,-0.04863824513843354,-0.007432893165047969,0.995004995004995,0.3487101134159958,1.0,False,False
qwen35_9b,Qwen3.5 9B,moral,conversational,243,242,0,485,estimated,0.5330238411046492,0.49624188008026393,0.5430058157330885,-0.021062465765580057,-0.03131999516496832,-0.011335960516163451,1.0,8.961841703359427e-05,-0.026140590174744023,0.026163367430564338,0.5074925074925075,1.0,1.0,False,False
qwen35_9b,Qwen3.5 9B,moral,cognitive,243,242,0,485,estimated,0.5330238411046492,0.5375982042648709,0.5287385640920994,0.007474685816860022,-0.0034775005009486434,0.018428614330823795,0.0979020979020979,-0.015965080387292028,-0.03311172755431323,0.0005625519221505496,0.961038961038961,0.420979020979021,1.0,False,False
qwen35_9b,Qwen3.5 9B,planning,conversational,438,51,3,489,estimated,0.6906616527889695,0.7330557793893813,0.8091592801504164,0.01678388322112655,-0.010295575253547606,0.04022342935311644,0.08691308691308691,0.038527238161329226,-0.0016675411696723107,0.07986401954606084,0.027972027972027972,0.39339607760660394,1.0,False,False
qwen35_9b,Qwen3.5 9B,planning,cognitive,438,51,3,489,estimated,0.6906616527889695,0.7964455188468081,0.8440325902050317,0.05332872619869664,0.017695369206501825,0.08299071738827711,0.003996003996003996,0.021223658904215167,-0.02020965740440773,0.06249842770014927,0.16083916083916083,0.08591408591408592,1.0,False,False
qwen35_9b,Qwen3.5 9B,safety,conversational,308,0,0,308,insufficient_high_low_support,,,,,,,,,,,,,,False,False
qwen35_9b,Qwen3.5 9B,safety,cognitive,308,0,0,308,insufficient_high_low_support,,,,,,,,,,,,,,False,False
qwen35_9b,Qwen3.5 9B,security,conversational,231,70,0,301,estimated,0.608843537414966,0.7014842300556586,0.6926406926406926,0.042114203012255796,-0.003648323805925043,0.08581329289901163,0.04295704295704296,-0.018729834777386274,-0.060633724637939534,0.01661626289657179,0.8201798201798202,0.27615241900956183,1.0,False,False
qwen35_9b,Qwen3.5 9B,security,cognitive,231,70,0,301,estimated,0.608843537414966,0.66852195423624,0.6236239950525665,0.0023599006047056426,-0.059226882988309054,0.051092536629505886,0.47152847152847155,-0.033217591431704295,-0.06655357728765822,-0.0015579887007066554,0.983016983016983,0.8815532293793163,1.0,False,False
reasoner,DeepSeek-R1 Distill 8B,code,conversational,44,106,1,150,estimated,0.8771440823327615,0.8484133790737565,0.8040308747855918,-0.0704954620323218,-0.13161292128158938,-0.01926229779505985,0.996003996003996,-0.06400495102732263,-0.14153736073311327,0.00569290656427451,0.955044955044955,1.0,1.0,False,False
reasoner,DeepSeek-R1 Distill 8B,code,cognitive,44,106,1,150,estimated,0.8771440823327615,0.8421955403087479,0.7761578044596913,-0.026880762994941083,-0.0802164254090251,0.01809914767720393,0.8421578421578422,-0.09947700267918054,-0.1670071804545136,-0.03134156340724773,0.998001998001998,1.0,1.0,False,False
reasoner,DeepSeek-R1 Distill 8B,gpqa,conversational,211,227,0,438,estimated,0.5705576549679521,0.6413554084806982,0.6155917907175815,0.033947966078019594,0.00028717149316938604,0.06717349845352649,0.01898101898101898,-0.019910042572393257,-0.0389291488585678,-0.002981082095670525,0.984015984015984,0.18137418137418138,1.0,False,False
reasoner,DeepSeek-R1 Distill 8B,gpqa,cognitive,211,227,0,438,estimated,0.5705576549679521,0.6063427772094285,0.5970520074326158,0.002647709739111348,-0.04379479238730733,0.03907998807786164,0.46153846153846156,-0.005466708499828399,-0.03095838073261356,0.020268074496557396,0.7012987012987013,0.8815532293793163,1.0,False,False
reasoner,DeepSeek-R1 Distill 8B,idea,conversational,339,154,0,493,estimated,0.5775772899666705,0.5703558977895261,0.5792437650844731,-0.007109520938679811,-0.026412644288796517,0.010721737589426659,0.7902097902097902,-0.0011845818188723175,-0.018876817275653757,0.016117613554581883,0.5384615384615384,1.0,1.0,False,False
reasoner,DeepSeek-R1 Distill 8B,idea,cognitive,339,154,0,493,estimated,0.5775772899666705,0.577960387694901,0.5792820748572961,-0.0031682434262954758,-0.01823510722345469,0.01453548061429669,0.6393606393606394,-0.007645359478013983,-0.03035602432040693,0.013351939296547094,0.7622377622377622,0.9293040293040293,1.0,False,False
reasoner,DeepSeek-R1 Distill 8B,math,conversational,397,101,0,498,estimated,0.5566501234506323,0.6723196249095942,0.6543881088360726,0.02609307917394408,-0.021823916146189344,0.06700276552225493,0.11488511488511488,-0.025327514234176448,-0.050310582834957096,0.001374113403546639,0.981018981018981,0.4403096903096903,1.0,False,False
reasoner,DeepSeek-R1 Distill 8B,math,cognitive,397,101,0,498,estimated,0.5566501234506323,0.6060553158590418,0.5842082948849041,-0.007545881737010308,-0.04703997391572183,0.026694016766860118,0.6223776223776224,-0.012875233062358495,-0.028961490828656466,0.005432946139587889,0.9250749250749251,0.9293040293040293,1.0,False,False
reasoner,DeepSeek-R1 Distill 8B,moral,conversational,253,247,0,500,estimated,0.614328463298715,0.6230817237682226,0.5949016658398809,0.004267462129617449,-0.01405199235163892,0.020309392267095397,0.3046953046953047,-0.02643265904843298,-0.04009697849288239,-0.013268061547900256,1.0,0.7486798915370344,1.0,False,False
reasoner,DeepSeek-R1 Distill 8B,moral,cognitive,253,247,0,500,estimated,0.614328463298715,0.6060392696548303,0.607607495479349,-0.02652961257216279,-0.06342959821368883,0.0027016954287387485,0.9460539460539461,-0.00397818545417633,-0.02611515194086153,0.01667902869224649,0.6383616383616384,1.0,1.0,False,False
reasoner,DeepSeek-R1 Distill 8B,planning,conversational,274,138,16,412,estimated,0.5338252406643393,0.5740505659578969,0.5842589654078071,0.01582735845528822,-0.008934327621227936,0.04266136273267867,0.12187812187812187,-0.011056250919855747,-0.04207528891317516,0.019923525658169093,0.7572427572427572,0.4403096903096903,1.0,False,False
reasoner,DeepSeek-R1 Distill 8B,planning,cognitive,274,138,16,412,estimated,0.5338252406643393,0.6156775626785148,0.6161007087697027,0.02107216681919438,-0.01191264552955191,0.05106664174581978,0.08291708291708291,-0.008034100124448289,-0.032274781354874264,0.017369710048487818,0.7162837162837162,0.39339607760660394,1.0,False,False
reasoner,DeepSeek-R1 Distill 8B,safety,conversational,185,127,0,312,estimated,0.7590976803575229,0.7493083634815918,0.7419450947010002,-0.012016567249488103,-0.03244230837701074,0.0078841664786686,0.8731268731268731,-0.01142201850352755,-0.04952616049793016,0.02344493256346498,0.7382617382617382,1.0,1.0,False,False
reasoner,DeepSeek-R1 Distill 8B,safety,cognitive,185,127,0,312,estimated,0.7590976803575229,0.7707597361140668,0.7916152372845287,0.016414719268641232,-0.025585707071995353,0.057248861015184664,0.22777222777222778,0.01769058614730044,-0.032767344033782696,0.06437405929783899,0.24975024975024976,0.6121378621378621,1.0,False,False
reasoner,DeepSeek-R1 Distill 8B,security,conversational,132,203,1,335,estimated,0.6465890431407673,0.6184505150022391,0.581765935214211,-0.009784394946714566,-0.026656899170290398,0.005790909314313741,0.8721278721278721,-0.03168039224012515,-0.05831525470253091,-0.004469948935249894,0.994005994005994,1.0,1.0,False,False
reasoner,DeepSeek-R1 Distill 8B,security,cognitive,132,203,1,335,estimated,0.6465890431407673,0.6434169278996865,0.6424093148231079,0.00893945493504041,-0.013527662943097617,0.030832588206370144,0.2177822177822178,-0.012777420337291207,-0.04718584481861969,0.017535530073848567,0.7982017982017982,0.6041700235248623,1.0,False,False
