task_type,family,model_a,model_b,js_distance,correlation_distance,ci_low,ci_high,bootstrap_reps
math,dialectical,reasoner,gemma4_e4b,0.060995074147039585,0.12698995073470654,0.06264013291500194,0.10444252616623363,200
math,executive,reasoner,gemma4_e4b,0.11834910284204851,0.3103052339087672,0.09871569480462512,0.14954573757474818,200
math,dialectical,reasoner,gemma4_31b,0.14400614055910488,0.1532276652674064,0.12369544424530723,0.18234943393297273,200
math,executive,reasoner,gemma4_31b,0.2836944823873655,1.0206564580848763,0.2630130259389693,0.31571663232174835,200
math,dialectical,reasoner,qwen35_4b,0.06408020528102662,0.1919854461823498,0.06133120680150946,0.08889536480017884,200
math,executive,reasoner,qwen35_4b,0.16777389716825367,1.0825540392899853,0.14340009470824902,0.19308448161616049,200
math,dialectical,reasoner,qwen35_9b,0.06238434566402511,0.20248579190149607,0.05790264491387045,0.08872764136838882,200
math,executive,reasoner,qwen35_9b,0.16249958827339953,0.8081786583557868,0.13666333336718958,0.1907877869661537,200
math,dialectical,reasoner,qwen35_27b,0.05332927219840155,0.12460418920841543,0.048692910449814164,0.084206405332735,200
math,executive,reasoner,qwen35_27b,0.1665364588590219,1.0167565284451796,0.14328342165631391,0.1951572546856118,200
math,dialectical,gemma4_e4b,gemma4_31b,0.12260105476700969,0.10825440150954513,0.11075067787299475,0.1572531280658664,200
math,executive,gemma4_e4b,gemma4_31b,0.19597029561963722,0.35151423795190906,0.17710220012322417,0.2237199963391937,200
math,dialectical,gemma4_e4b,qwen35_4b,0.10521682156472317,0.4105511421639422,0.09550311999845708,0.13104868532998715,200
math,executive,gemma4_e4b,qwen35_4b,0.10017627909096395,0.8434999654650088,0.09090001142825226,0.11502721478470126,200
math,dialectical,gemma4_e4b,qwen35_9b,0.10380233045218773,0.415914412501009,0.09241293013407813,0.13363219115938776,200
math,executive,gemma4_e4b,qwen35_9b,0.09517633183005705,0.6204158755916349,0.08684956346437948,0.11143173720597933,200
math,dialectical,gemma4_e4b,qwen35_27b,0.09801042290673004,0.35353126315063244,0.08816822382742187,0.12426672639048175,200
math,executive,gemma4_e4b,qwen35_27b,0.0975503104363715,0.7163348867100203,0.08979531489830435,0.11272255446415384,200
math,dialectical,gemma4_31b,qwen35_4b,0.1904933059430272,0.3814938325017525,0.17032684412842658,0.2200462314242678,200
math,executive,gemma4_31b,qwen35_4b,0.2321118961286846,0.6107922043534373,0.2100372621421134,0.2597351966524175,200
math,dialectical,gemma4_31b,qwen35_9b,0.18824526262918415,0.3897196117524714,0.17030567770181224,0.21935099631530272,200
math,executive,gemma4_31b,qwen35_9b,0.2339910796220161,0.6758782451294694,0.2125605962787792,0.2593679293663004,200
math,dialectical,gemma4_31b,qwen35_27b,0.18358627730198177,0.346807305209324,0.1673494275431682,0.2113814426911819,200
math,executive,gemma4_31b,qwen35_27b,0.23012236955690463,0.5242583772516736,0.21460786960546377,0.25522671418520304,200
math,dialectical,qwen35_4b,qwen35_9b,0.02039689102290189,0.07545092061111669,0.022201778319082845,0.04026173896899569,200
math,executive,qwen35_4b,qwen35_9b,0.018278284097838184,0.3427188069066166,0.018436038162076337,0.032157811568144415,200
math,dialectical,qwen35_4b,qwen35_27b,0.022975435116545595,0.07729414984778782,0.023207613245315166,0.04119008162280684,200
math,executive,qwen35_4b,qwen35_27b,0.01551548998864117,0.24013023597500183,0.01668393315328056,0.029820881223926357,200
math,dialectical,qwen35_9b,qwen35_27b,0.01869345892276258,0.05382510924651951,0.022363190381627946,0.039665404881834246,200
math,executive,qwen35_9b,qwen35_27b,0.018288152019198964,0.3164198011208882,0.017079437891986633,0.03176313231745042,200
code,dialectical,reasoner,gemma4_e4b,0.0557201437507001,0.5704505078266763,0.047870025981649994,0.08670781069003798,200
code,executive,reasoner,gemma4_e4b,0.051241997287795764,0.28785214580765883,0.044403398785474696,0.07977951267282998,200
code,dialectical,reasoner,gemma4_31b,0.07845501023421715,0.8677382289488382,0.06732325397008568,0.10389918761525105,200
code,executive,reasoner,gemma4_31b,0.05352979221996727,0.1171360161539301,0.0477160443915902,0.08052280777953101,200
code,dialectical,reasoner,qwen35_4b,0.07760755350168563,0.635067803686223,0.06737279568535244,0.11884707929027902,200
code,executive,reasoner,qwen35_4b,0.09396495762036854,1.3554394412725879,0.07720508189089081,0.1332514862211022,200
code,dialectical,reasoner,qwen35_9b,0.08956992317810997,0.6809606190607014,0.0818926996116742,0.13251918710758032,200
code,executive,reasoner,qwen35_9b,0.08081954178673323,0.6829636964191401,0.07082941770325234,0.11870397016178397,200
code,dialectical,reasoner,qwen35_27b,0.03388244959128878,0.4526902388318258,0.03284845638337553,0.058111192968891605,200
code,executive,reasoner,qwen35_27b,0.04517061014547069,0.26870717182624493,0.03707716773339661,0.07391285660089848,200
code,dialectical,gemma4_e4b,gemma4_31b,0.082561179902231,0.6967385788997942,0.07418333308954103,0.11246966638553285,200
code,executive,gemma4_e4b,gemma4_31b,0.06489806310072717,0.20779071686269102,0.055499391605335825,0.09395047244171899,200
code,dialectical,gemma4_e4b,qwen35_4b,0.10475147888026491,1.0473757686877154,0.09247098413696471,0.14669276650084714,200
code,executive,gemma4_e4b,qwen35_4b,0.10313179316304703,1.3377357568909711,0.08802910692480617,0.14381380898858923,200
code,dialectical,gemma4_e4b,qwen35_9b,0.11774767957947917,1.141967646721595,0.10629416291970062,0.1619275670845587,200
code,executive,gemma4_e4b,qwen35_9b,0.07447762726574794,0.4951716605295531,0.06781045189043904,0.11609441077840223,200
code,dialectical,gemma4_e4b,qwen35_27b,0.07465365705373922,1.1100020175730865,0.06169961849530797,0.10884555690535581,200
code,executive,gemma4_e4b,qwen35_27b,0.06406689609248618,0.5558510404414951,0.055397457132393156,0.09601947235769423,200
code,dialectical,gemma4_31b,qwen35_4b,0.09011584530274047,0.7111108944924207,0.07764524825184847,0.13622907636762258,200
code,executive,gemma4_31b,qwen35_4b,0.12147517571615356,1.159881202738015,0.10623408951191844,0.15850928109229326,200
code,dialectical,gemma4_31b,qwen35_9b,0.08636241410919016,0.5569857399499685,0.07561735881217585,0.1384409035498387,200
code,executive,gemma4_31b,qwen35_9b,0.09515844944325795,0.4880864789462176,0.08397990595889533,0.13804709467245938,200
code,dialectical,gemma4_31b,qwen35_27b,0.07809043792346296,0.8396545166349705,0.07054183689121092,0.10727106102349795,200
code,executive,gemma4_31b,qwen35_27b,0.08919811256143918,0.4657849829939795,0.07670782530010455,0.11853283596796109,200
code,dialectical,qwen35_4b,qwen35_9b,0.06383386255865181,0.26935792001142134,0.0640750149839054,0.11779239422044302,200
code,executive,qwen35_4b,qwen35_9b,0.07200711416468068,0.6586741504541049,0.06347050108333273,0.12140612536541467,200
code,dialectical,qwen35_4b,qwen35_27b,0.06179177300991129,0.2522077745819391,0.05137071546806023,0.10479588311447405,200
code,executive,qwen35_4b,qwen35_27b,0.06799549581168807,1.394435510630212,0.059180827085843955,0.11861203594898799,200
code,dialectical,qwen35_9b,qwen35_27b,0.07440598982114034,0.30595834343359285,0.06818380829540474,0.12096837953313638,200
code,executive,qwen35_9b,qwen35_27b,0.07328476315607706,0.8440134185645618,0.06602688158091362,0.11997966465765923,200
gpqa,dialectical,reasoner,gemma4_e4b,0.0681459568962366,0.14624547237002516,0.05781589566232757,0.08592273215141524,200
gpqa,executive,reasoner,gemma4_e4b,0.1278245157282233,1.0163016653160029,0.11975188296592078,0.14250883551844354,200
gpqa,dialectical,reasoner,gemma4_31b,0.0554993056112685,0.20044862566551247,0.046908115206083234,0.07096948686344536,200
gpqa,executive,reasoner,gemma4_31b,0.07670002878524904,0.11950944650369144,0.06567691337598158,0.09576763871099868,200
gpqa,dialectical,reasoner,qwen35_4b,0.04359134673807073,0.17817080927729012,0.03881962693733579,0.053470219133063525,200
gpqa,executive,reasoner,qwen35_4b,0.024006197147259482,0.12956019119766848,0.02427660305519901,0.04218762764834746,200
gpqa,dialectical,reasoner,qwen35_9b,0.04118794341605898,0.17713963913856956,0.03636506741372431,0.050072169834781854,200
gpqa,executive,reasoner,qwen35_9b,0.027338467968646696,0.17929171379834985,0.02534079394660915,0.04527010814186451,200
gpqa,dialectical,reasoner,qwen35_27b,0.03848805797314221,0.14829262913781405,0.03362150409426947,0.047887481659344484,200
gpqa,executive,reasoner,qwen35_27b,0.02386153194877465,0.1520624210681225,0.023453697317746058,0.04205528651560907,200
gpqa,dialectical,gemma4_e4b,gemma4_31b,0.056274604805414866,0.15387360046380383,0.05138255030985938,0.08047754723008385,200
gpqa,executive,gemma4_e4b,gemma4_31b,0.16374197914696012,0.9888703756547549,0.1521355801234168,0.17907716689962783,200
gpqa,dialectical,gemma4_e4b,qwen35_4b,0.09407167958278537,0.29647274686879677,0.08687716430726075,0.11077990319141261,200
gpqa,executive,gemma4_e4b,qwen35_4b,0.1209442715795793,0.9266684837711284,0.11258599735483037,0.1333444855302519,200
gpqa,dialectical,gemma4_e4b,qwen35_9b,0.09171180285825113,0.29431277268659506,0.08209342149003761,0.10978989567210778,200
gpqa,executive,gemma4_e4b,qwen35_9b,0.1256688987112208,1.1350038865301002,0.11699037012078187,0.13883812313319213,200
gpqa,dialectical,gemma4_e4b,qwen35_27b,0.08945451344955281,0.260444209722563,0.08232887064287772,0.10603704670488709,200
gpqa,executive,gemma4_e4b,qwen35_27b,0.12536480166727262,0.9849761945104893,0.1164530513518785,0.13741722345488147,200
gpqa,dialectical,gemma4_31b,qwen35_4b,0.06977253154240867,0.17442953085490187,0.061607315034430316,0.0841527968195177,200
gpqa,executive,gemma4_31b,qwen35_4b,0.08640295661050448,0.08054833720603971,0.07558561020256188,0.10208503176492785,200
gpqa,dialectical,gemma4_31b,qwen35_9b,0.06689476161880603,0.17090647350983557,0.057737355461710535,0.08135442092036188,200
gpqa,executive,gemma4_31b,qwen35_9b,0.0879802289965258,0.06189823215486567,0.07715605527778278,0.10227501186935054,200
gpqa,dialectical,gemma4_31b,qwen35_27b,0.0647465183277924,0.148313641825931,0.05661375529817913,0.08079317144671685,200
gpqa,executive,gemma4_31b,qwen35_27b,0.07500620558260263,0.0491347095393323,0.06449089207012854,0.09221356784894767,200
gpqa,dialectical,qwen35_4b,qwen35_9b,0.011795026952159718,0.037816642132161515,0.011943164561706781,0.022053568852509087,200
gpqa,executive,qwen35_4b,qwen35_9b,0.012432749930345136,0.09751042645385233,0.01382591497675473,0.024097016510624895,200
gpqa,dialectical,qwen35_4b,qwen35_27b,0.014336885413728373,0.05352184688005057,0.01446787681846989,0.025496480501473774,200
gpqa,executive,qwen35_4b,qwen35_27b,0.021001992220906672,0.1362773678237672,0.018644448102437355,0.030350524483581002,200
gpqa,dialectical,qwen35_9b,qwen35_27b,0.00863092982030762,0.020767372642197968,0.011104230299621234,0.020034106149382055,200
gpqa,executive,qwen35_9b,qwen35_27b,0.018705600163279826,0.07302238168842334,0.017495016738352805,0.029538590672934607,200
planning,dialectical,reasoner,gemma4_e4b,0.06918021914935325,0.06400359123629396,0.05930108916618285,0.0933846993482452,200
planning,executive,reasoner,gemma4_e4b,0.06576922114241504,0.1873046715305403,0.056853194780931544,0.08309413138035335,200
planning,dialectical,reasoner,gemma4_31b,0.03332765069913994,0.05320856084407577,0.029785494219261723,0.05456242685742323,200
planning,executive,reasoner,gemma4_31b,0.07543203710087812,0.10188587972505248,0.06478480026753355,0.09573496344584846,200
planning,dialectical,reasoner,qwen35_4b,0.08873241439930366,0.3731680562224433,0.07759692794564053,0.10295926010804662,200
planning,executive,reasoner,qwen35_4b,0.07360015975488172,0.25646164135309757,0.06473357739576503,0.09136404386995534,200
planning,dialectical,reasoner,qwen35_9b,0.0796853856237761,0.31181447122898,0.06940827824052773,0.0944971144905902,200
planning,executive,reasoner,qwen35_9b,0.07792254738671893,0.3222617021176549,0.06629304028915596,0.09419670225830996,200
planning,dialectical,reasoner,qwen35_27b,0.06466125619139874,0.20094456105354552,0.05516052195826853,0.08028045774307546,200
planning,executive,reasoner,qwen35_27b,0.07052110937589576,0.2127907923777923,0.059302114785944,0.08814445509234167,200
planning,dialectical,gemma4_e4b,gemma4_31b,0.07881216807273127,0.13108331691541875,0.06531417149870916,0.10341360045506849,200
planning,executive,gemma4_e4b,gemma4_31b,0.12774169172339672,0.45399392589452103,0.12093858589298333,0.13972914229160072,200
planning,dialectical,gemma4_e4b,qwen35_4b,0.1499178281749206,0.6201160596036276,0.13641358222124428,0.1704929602719687,200
planning,executive,gemma4_e4b,qwen35_4b,0.11102160621473181,0.6510912127060766,0.1032193874244261,0.12194617079294298,200
planning,dialectical,gemma4_e4b,qwen35_9b,0.14048136017340093,0.5121297738131765,0.12566252981701245,0.16007218251929536,200
planning,executive,gemma4_e4b,qwen35_9b,0.1146943801552876,0.7102648348676026,0.10839593072939001,0.1254752308948155,200
planning,dialectical,gemma4_e4b,qwen35_27b,0.12652097180105548,0.3915262223172473,0.11225797209018955,0.14636359472530613,200
planning,executive,gemma4_e4b,qwen35_27b,0.11777942032746334,0.5951711808808591,0.11035096582314367,0.12929184744767105,200
planning,dialectical,gemma4_31b,qwen35_4b,0.08796338128390471,0.2973742444980476,0.07835190170196649,0.10451972704354107,200
planning,executive,gemma4_31b,qwen35_4b,0.0829172210322943,0.05792575014568202,0.07199361518697713,0.09846255090159138,200
planning,dialectical,gemma4_31b,qwen35_9b,0.07833142574447788,0.24683005525194845,0.06630802028008045,0.09252728820284742,200
planning,executive,gemma4_31b,qwen35_9b,0.08252300780054891,0.10071359470919128,0.07277941527912872,0.09861646404853547,200
planning,dialectical,gemma4_31b,qwen35_27b,0.06175754111039113,0.150593304998057,0.052474594421060596,0.082055720012958,200
planning,executive,gemma4_31b,qwen35_27b,0.05160011141361025,0.06298391148695814,0.044215462169809254,0.06586295428539582,200
planning,dialectical,qwen35_4b,qwen35_9b,0.0218341652873402,0.06152380506153765,0.019140757856923003,0.03285099866321361,200
planning,executive,qwen35_4b,qwen35_9b,0.0150940730605414,0.03359176400032304,0.014367149997379506,0.02675430480898927,200
planning,dialectical,qwen35_4b,qwen35_27b,0.039737203565431166,0.11942178922144875,0.035678970490900457,0.0519601489974847,200
planning,executive,qwen35_4b,qwen35_27b,0.045984105494991025,0.055730085744296276,0.03912704783147027,0.05666156186657512,200
planning,dialectical,qwen35_9b,qwen35_27b,0.031038864478044523,0.09799619830056694,0.027641393042219627,0.04293826684256648,200
planning,executive,qwen35_9b,qwen35_27b,0.041881562441801114,0.04944541218340581,0.03493656075707461,0.05381499380315615,200
moral,dialectical,reasoner,gemma4_e4b,0.21318042895258127,0.43076981017084603,0.1875699151716668,0.24243837475276794,200
moral,executive,reasoner,gemma4_e4b,0.1714550416307157,0.6709411879359868,0.1592940216615984,0.19304964310173034,200
moral,dialectical,reasoner,gemma4_31b,0.05715490025052654,0.07491942471409463,0.05137673186029646,0.07257885724536592,200
moral,executive,reasoner,gemma4_31b,0.30246017563931016,1.3343175244262682,0.28137954519451763,0.3303840073248384,200
moral,dialectical,reasoner,qwen35_4b,0.10319550086351839,0.3120293383088715,0.09534231143108453,0.11416662102695883,200
moral,executive,reasoner,qwen35_4b,0.14482544709597206,0.7738937173880274,0.12583770196399835,0.16653975615810024,200
moral,dialectical,reasoner,qwen35_9b,0.09730438048618131,0.2831972672154587,0.08871310689371102,0.10882363587362227,200
moral,executive,reasoner,qwen35_9b,0.15685997679864064,0.8428965479435333,0.14054491691450965,0.18011945770536847,200
moral,dialectical,reasoner,qwen35_27b,0.08286503590062455,0.20666374829080403,0.07641043647391507,0.09548441542643565,200
moral,executive,reasoner,qwen35_27b,0.17482365168990022,0.9169117811453313,0.15864414803616553,0.19343531504108377,200
moral,dialectical,gemma4_e4b,gemma4_31b,0.2253554688629104,0.5092370985282899,0.20539104654958754,0.2599124900480776,200
moral,executive,gemma4_e4b,gemma4_31b,0.26047649110142407,0.913418213716576,0.24493116800086986,0.2820399366634272,200
moral,dialectical,gemma4_e4b,qwen35_4b,0.2729637191392838,0.8642208737237145,0.24482983993060597,0.3060155160004605,200
moral,executive,gemma4_e4b,qwen35_4b,0.15130218889337416,0.9369000860709893,0.1460283303408771,0.1631385659384053,200
moral,dialectical,gemma4_e4b,qwen35_9b,0.2670265648711528,0.8212310501533049,0.23881881027083726,0.2990479002476801,200
moral,executive,gemma4_e4b,qwen35_9b,0.14656767824178632,0.8066383103410204,0.13996800684307992,0.15853100978175588,200
moral,dialectical,gemma4_e4b,qwen35_27b,0.260093987767647,0.7864640249468948,0.2340513052209138,0.2920260732529381,200
moral,executive,gemma4_e4b,qwen35_27b,0.14496375695100633,0.6695439175157201,0.13705357583872305,0.15778583449430986,200
moral,dialectical,gemma4_31b,qwen35_4b,0.11279011837891761,0.21688430092678823,0.10413039515025273,0.12757363394232082,200
moral,executive,gemma4_31b,qwen35_4b,0.17855177613249162,0.2665327067332097,0.15929171031333678,0.19944400410095972,200
moral,dialectical,gemma4_31b,qwen35_9b,0.10740745442171964,0.19550927686243258,0.0992171347724974,0.12042628113703882,200
moral,executive,gemma4_31b,qwen35_9b,0.16357545681161306,0.18861383881137805,0.14733542812228995,0.1870999373595145,200
moral,dialectical,gemma4_31b,qwen35_27b,0.09752146938138748,0.18256851738850532,0.08813540666207675,0.1091961188663296,200
moral,executive,gemma4_31b,qwen35_27b,0.1520911160274674,0.16559251635534078,0.13632924145208725,0.17304943812718684,200
moral,dialectical,qwen35_4b,qwen35_9b,0.025332750306298994,0.039118692713147274,0.022414111279002828,0.038077396490947074,200
moral,executive,qwen35_4b,qwen35_9b,0.032108180469319375,0.04780241614933489,0.027357464269394775,0.04984997086514681,200
moral,dialectical,qwen35_4b,qwen35_27b,0.04127045089863636,0.07470103218013457,0.03606903612197538,0.053773659179736526,200
moral,executive,qwen35_4b,qwen35_27b,0.06186971605862714,0.11943377402395605,0.052086244941880314,0.07804019062083419,200
moral,dialectical,qwen35_9b,qwen35_27b,0.03264403396525752,0.05384932794673791,0.027172831199160086,0.04759326159892552,200
moral,executive,qwen35_9b,qwen35_27b,0.0384637596582379,0.043791341702062,0.03296256043997629,0.05510922858407649,200
idea,dialectical,reasoner,gemma4_e4b,0.1895152968612512,0.2679863797227092,0.18394173021945975,0.19933777562168267,200
idea,executive,reasoner,gemma4_e4b,0.1824048828667181,0.3622399493530437,0.1740736454645963,0.196393413966499,200
idea,dialectical,reasoner,gemma4_31b,0.14947433174093022,0.24944377746368396,0.14253201021171746,0.15853817127903264,200
idea,executive,reasoner,gemma4_31b,0.2212907019564746,1.1142997689650735,0.2056529436993807,0.23945892576910519,200
idea,dialectical,reasoner,qwen35_4b,0.1308338449020856,0.9985577379305115,0.12429328077663993,0.13964939656132755,200
idea,executive,reasoner,qwen35_4b,0.10009290602991383,1.1647696669393728,0.08900865667549716,0.11873554706478254,200
idea,dialectical,reasoner,qwen35_9b,0.14359750074518254,1.3032102895971183,0.1364214333947795,0.1525597491025246,200
idea,executive,reasoner,qwen35_9b,0.07988498792712785,0.7893261610744565,0.0715649487736521,0.09679030815857415,200
idea,dialectical,reasoner,qwen35_27b,0.14161187956414684,1.1225979831218087,0.1341077815348819,0.1501329503464839,200
idea,executive,reasoner,qwen35_27b,0.08325656748418842,0.8133418607892633,0.0751184948578203,0.09834011684117244,200
idea,dialectical,gemma4_e4b,gemma4_31b,0.13976447133351919,0.1930090630698602,0.13144879386966452,0.14980464455483253,200
idea,executive,gemma4_e4b,gemma4_31b,0.22062873018537868,0.6459388098952121,0.21172016743801422,0.2336235663969051,200
idea,dialectical,gemma4_e4b,qwen35_4b,0.2851922461303028,1.4893411401852852,0.2785671820682913,0.293240061195922,200
idea,executive,gemma4_e4b,qwen35_4b,0.224221520008318,1.2705471675069706,0.2178538334631778,0.23326138965394197,200
idea,dialectical,gemma4_e4b,qwen35_9b,0.29185928353101565,1.71982061410077,0.2877078222731682,0.2977860417421133,200
idea,executive,gemma4_e4b,qwen35_9b,0.20817794399486322,0.9538213724667509,0.20236399856517961,0.21655098255989239,200
idea,dialectical,gemma4_e4b,qwen35_27b,0.2937225508129631,1.585973837164592,0.2893553092699066,0.3010197242419443,200
idea,executive,gemma4_e4b,qwen35_27b,0.21761195271939887,1.10374363833613,0.21281352311474924,0.22448296542274615,200
idea,dialectical,gemma4_31b,qwen35_4b,0.22598612635667303,1.0141427813944417,0.21967291274461873,0.23385120751511324,200
idea,executive,gemma4_31b,qwen35_4b,0.21364837093660236,1.286653180074877,0.20037021016988787,0.22831751595305255,200
idea,dialectical,gemma4_31b,qwen35_9b,0.23739466266489342,1.263777683625599,0.23078106533849704,0.24377483477345363,200
idea,executive,gemma4_31b,qwen35_9b,0.213535609720224,1.4187400120540588,0.20238361298276258,0.22661896596164544,200
idea,dialectical,gemma4_31b,qwen35_27b,0.2347870283398543,1.1210563784467582,0.22772026391819636,0.24120208630976933,200
idea,executive,gemma4_31b,qwen35_27b,0.22381221664795078,1.571187263911555,0.21186945569582247,0.23778906022217106,200
idea,dialectical,qwen35_4b,qwen35_9b,0.028717419743986394,0.07302420465415149,0.024332977954413856,0.03890903451502151,200
idea,executive,qwen35_4b,qwen35_9b,0.03643681139735874,0.2867020571912935,0.03222053065532998,0.04795943197709111,200
idea,dialectical,qwen35_4b,qwen35_27b,0.018932826642451824,0.027838665810926977,0.017979712247458857,0.03088615726242688,200
idea,executive,qwen35_4b,qwen35_27b,0.031733763717423764,0.20355829114779356,0.028466539399987376,0.04216796330085034,200
idea,dialectical,qwen35_9b,qwen35_27b,0.02325352074487967,0.031207396856986036,0.02097682759108847,0.030817128116709225,200
idea,executive,qwen35_9b,qwen35_27b,0.02001220011576535,0.08705876709388483,0.018176560873239486,0.03070718242350193,200
safety,dialectical,reasoner,gemma4_e4b,0.44550011050982125,0.5807157019757663,0.40532725818555243,0.5320188332011184,200
safety,executive,reasoner,gemma4_e4b,0.2880031709682024,1.0889232284681485,0.25544119711624413,0.36224980091716524,200
safety,dialectical,reasoner,gemma4_31b,0.21663865943227442,0.2492585286264858,0.20147805187012038,0.2577812160332187,200
safety,executive,reasoner,gemma4_31b,0.43784186618482684,1.4429088128478416,0.4048973815962174,0.49334900665334663,200
safety,dialectical,reasoner,qwen35_4b,0.07104576861689027,0.22057890827585847,0.06146903878347905,0.09346470662179507,200
safety,executive,reasoner,qwen35_4b,0.13615426997091823,1.4224214075288186,0.12464977324437165,0.16898112311608846,200
safety,dialectical,reasoner,qwen35_9b,0.07473956951132839,0.21927432268356695,0.06568029982667759,0.09828977472957645,200
safety,executive,reasoner,qwen35_9b,0.14723821610731677,1.6025167005565877,0.135008724923214,0.1791173142229642,200
safety,dialectical,reasoner,qwen35_27b,0.08605978765374799,0.2261003365275175,0.07670853520884494,0.10815844359427523,200
safety,executive,reasoner,qwen35_27b,0.16079933228965754,1.4722564540731757,0.14676687986221973,0.19375664870344864,200
safety,dialectical,gemma4_e4b,gemma4_31b,0.4168307275326887,0.6153113271295783,0.3674336508489055,0.5133431820550604,200
safety,executive,gemma4_e4b,gemma4_31b,0.4445689124277848,1.0124301290385236,0.4120032556199447,0.5176802722216743,200
safety,dialectical,gemma4_e4b,qwen35_4b,0.4292475757123636,0.518793173963632,0.38461844463025624,0.5268819681123962,200
safety,executive,gemma4_e4b,qwen35_4b,0.25267148085541524,0.5935549856624034,0.22147515321653774,0.316614979996419,200
safety,dialectical,gemma4_e4b,qwen35_9b,0.4359876459994576,0.6275872278045516,0.40043799520963125,0.5140574472889762,200
safety,executive,gemma4_e4b,qwen35_9b,0.24162871996880736,0.5030716336710986,0.2226722138585035,0.30614051301715745,200
safety,dialectical,gemma4_e4b,qwen35_27b,0.4310357267089036,0.6675200583051899,0.3922331807525141,0.5107401716387608,200
safety,executive,gemma4_e4b,qwen35_27b,0.23249660363303842,0.4250322413684634,0.20486983657214322,0.30178102671352436,200
safety,dialectical,gemma4_31b,qwen35_4b,0.20058520758781392,0.3408566326015654,0.18278658051547586,0.24201868239261418,200
safety,executive,gemma4_31b,qwen35_4b,0.3932316003550332,1.060826035849798,0.35224282086110065,0.46577372031483905,200
safety,dialectical,gemma4_31b,qwen35_9b,0.19148350005281714,0.2883668551673306,0.18039250404682472,0.23387931897884218,200
safety,executive,gemma4_31b,qwen35_9b,0.3676317168930639,0.6470307261413861,0.3258720844749757,0.4198414601137286,200
safety,dialectical,gemma4_31b,qwen35_27b,0.18805835541774668,0.31171461762185226,0.16981378889068918,0.23715223876664132,200
safety,executive,gemma4_31b,qwen35_27b,0.35934537898077495,0.6802988965461944,0.32398441237206255,0.4247175821039166,200
safety,dialectical,qwen35_4b,qwen35_9b,0.03470211864501105,0.0593037606225022,0.03913454275391404,0.07089921861658229,200
safety,executive,qwen35_4b,qwen35_9b,0.05343062897439934,0.3383657852919921,0.045927601504183,0.09050155447512964,200
safety,dialectical,qwen35_4b,qwen35_27b,0.058012301797875136,0.15268356112891324,0.05565105736946576,0.08853011497329899,200
safety,executive,qwen35_4b,qwen35_27b,0.07320909717762895,0.395613633805436,0.06439546178044787,0.10354760532885524,200
safety,dialectical,qwen35_9b,qwen35_27b,0.04670997112618409,0.09704792980968846,0.04259488951082506,0.08092055735296402,200
safety,executive,qwen35_9b,qwen35_27b,0.056262822612109104,0.2251436660003906,0.05030208851522724,0.09020925313254104,200
security,dialectical,reasoner,gemma4_e4b,0.052712194794025814,0.058288106010036644,0.04917077107945627,0.07765704948290039,200
security,executive,reasoner,gemma4_e4b,0.12555494576810122,0.5461499654977333,0.11105123009290441,0.16483274863538505,200
security,dialectical,reasoner,gemma4_31b,0.08088345591424388,0.14956875809077208,0.06836391447268922,0.10168660005163915,200
security,executive,reasoner,gemma4_31b,0.18521117310585558,1.2520392805112341,0.16268672637721945,0.21588659674618357,200
security,dialectical,reasoner,qwen35_4b,0.15370957952096206,0.8525105987883796,0.14231455359677314,0.17266605525516987,200
security,executive,reasoner,qwen35_4b,0.10720434912138418,1.0994211262527003,0.09117194276590738,0.14419508744942425,200
security,dialectical,reasoner,qwen35_9b,0.1504917974679073,0.7592622288015317,0.1355992965020624,0.16709154623807482,200
security,executive,reasoner,qwen35_9b,0.11507498355838795,1.1849158307490193,0.09758791248079951,0.1513933492769138,200
security,dialectical,reasoner,qwen35_27b,0.1326256844796781,0.4161012791865335,0.12106958630669303,0.1503667724210016,200
security,executive,reasoner,qwen35_27b,0.13261165587378745,1.3952454285407687,0.11640231487483071,0.1656526304109983,200
security,dialectical,gemma4_e4b,gemma4_31b,0.09332994645502322,0.22308943444318752,0.08407814831586072,0.11712205218408309,200
security,executive,gemma4_e4b,gemma4_31b,0.15554449802123677,0.6890585059201066,0.13876018115514177,0.1810852842318674,200
security,dialectical,gemma4_e4b,qwen35_4b,0.15713408473388174,0.9551161281262933,0.14306938010704706,0.17707567657126885,200
security,executive,gemma4_e4b,qwen35_4b,0.12104678135171994,0.4148356596345232,0.11013998400887935,0.13970262417552873,200
security,dialectical,gemma4_e4b,qwen35_9b,0.1548644344002307,0.9044399385186914,0.13850727302300106,0.1725158548986147,200
security,executive,gemma4_e4b,qwen35_9b,0.11501230018187467,0.40825927931738537,0.10492004471189169,0.13230390738504288,200
security,dialectical,gemma4_e4b,qwen35_27b,0.13910188945650434,0.5663720061040809,0.12972477039928132,0.15882997097950116,200
security,executive,gemma4_e4b,qwen35_27b,0.12522191037409275,0.6083517081574996,0.11417213651816188,0.1413615654858156,200
security,dialectical,gemma4_31b,qwen35_4b,0.08503650755173141,0.4692352933766175,0.07518670693499106,0.10415527818872644,200
security,executive,gemma4_31b,qwen35_4b,0.12577591743123445,0.6834236660078505,0.10834185076494723,0.14985066632763575,200
security,dialectical,gemma4_31b,qwen35_9b,0.08420577197612106,0.43397937669156617,0.07539271777685677,0.10340211684369062,200
security,executive,gemma4_31b,qwen35_9b,0.09399145223218355,0.10817659776829336,0.07821470003474489,0.11619509615874175,200
security,dialectical,gemma4_31b,qwen35_27b,0.06540184856338341,0.16227243636610822,0.05736074838313474,0.08187051776630656,200
security,executive,gemma4_31b,qwen35_27b,0.08513095314415578,0.1383958747830425,0.06979849275516131,0.106219573200867,200
security,dialectical,qwen35_4b,qwen35_9b,0.025426382521318302,0.2154040679484034,0.028228276320289136,0.046712594908868726,200
security,executive,qwen35_4b,qwen35_9b,0.04375575780281475,0.5016635804749763,0.04165495275134751,0.0649455435285513,200
security,dialectical,qwen35_4b,qwen35_27b,0.029270308472441095,0.22186417962796579,0.027438375593044094,0.04987172485421119,200
security,executive,qwen35_4b,qwen35_27b,0.05498554554881719,0.5446877755733581,0.048550691737729086,0.073398287251437,200
security,dialectical,qwen35_9b,qwen35_27b,0.029929790879003115,0.25557255861036976,0.02702952429232937,0.048262784051712845,200
security,executive,qwen35_9b,qwen35_27b,0.03215488759889458,0.14566614088321006,0.028505488261659228,0.0509749192697244,200
