finding_id,research_question,analysis_stage,claim,status,estimand,estimate,ci_low,ci_high,p_value,q_value,sample_n,domains,models,context_mode,completion_population,held_out_setting,robustness_passed,main_caveat,figure_or_table,output_file,config_hash,code_commit
RQ1_FAMILY,RQ1,01_family_structure,"The prespecified 4+4 partition is not cleanly separated by profile similarity, although the families differ descriptively by domain and context.",partially_supported,stage-specific effect,-0.016277035847857682,-0.05106632642077963,0.017930247060723888,,,24416,math|code|gpqa|planning|moral|idea|safety|security,anchor|reasoner|gemma4_e4b|gemma4_31b|qwen35_4b|qwen35_9b|qwen35_27b,full; isolated sensitivity,all valid; completed; <=4096 sensitivity,prompt-disjoint; family portability diagnostic,True,The separation CI crosses zero and the exact balanced-partition p-value is about 0.51.,fig1; fig2,01_family_structure,cab9eef0f3432e440bbbbea9d2fa2cacd3295a718fdfa45b346676e4559f6838,90bad30c8a3e0a1e0860969bc84a133e99bd170a
RQ2_DOMAIN,RQ2,02_amount_shape,Domain and model change both behavior amount and conditional timing shape.,supported,stage-specific effect,18624.0,,,,,24416,math|code|gpqa|planning|moral|idea|safety|security,anchor|reasoner|gemma4_e4b|gemma4_31b|qwen35_4b|qwen35_9b|qwen35_27b,full; isolated sensitivity,all valid; completed; <=4096 sensitivity,prompt-disjoint; family portability diagnostic,True,Bootstrap shape CIs use 200 resamples; one seed per prompt.,fig2; fig3,02_amount_shape,cab9eef0f3432e440bbbbea9d2fa2cacd3295a718fdfa45b346676e4559f6838,90bad30c8a3e0a1e0860969bc84a133e99bd170a
RQ3_OUTCOME,RQ3,04_outcome_models,Behavior families describe outcomes unevenly; cross-family coupling adds little on average beyond amounts and timing.,not_supported,stage-specific effect,-2.1391293693315272e-05,,,,,24416,math|code|gpqa|planning|moral|idea|safety|security,anchor|reasoner|gemma4_e4b|gemma4_31b|qwen35_4b|qwen35_9b|qwen35_27b,full; isolated sensitivity,all valid; completed; <=4096 sensitivity,prompt-disjoint; family portability diagnostic,False,Associational prediction; continuous open-ended outcomes retained.,fig4,04_outcome_models,cab9eef0f3432e440bbbbea9d2fa2cacd3295a718fdfa45b346676e4559f6838,90bad30c8a3e0a1e0860969bc84a133e99bd170a
RQ4_MOTIFS,RQ4,05_motifs,"Pre-specified motifs are structurally enriched, but their average held-out outcome increment is weak.",partially_supported,stage-specific effect,-0.00160587743008272,,,,,24416,math|code|gpqa|planning|moral|idea|safety|security,anchor|reasoner|gemma4_e4b|gemma4_31b|qwen35_4b|qwen35_9b|qwen35_27b,full; isolated sensitivity,all valid; completed; <=4096 sensitivity,prompt-disjoint; family portability diagnostic,True,"1,000 Monte Carlo count-null draws approximate the two specified shuffles; label-level permutation was computationally deferred and is not used as confirmation.",fig5,05_motifs,cab9eef0f3432e440bbbbea9d2fa2cacd3295a718fdfa45b346676e4559f6838,90bad30c8a3e0a1e0860969bc84a133e99bd170a
RQ5_CONTEXT,RQ5,06_context,Several process labels are trajectory-relative and change under isolated scoring.,supported,stage-specific effect,0.0394055905355685,,,,,24416,math|code|gpqa|planning|moral|idea|safety|security,anchor|reasoner|gemma4_e4b|gemma4_31b|qwen35_4b|qwen35_9b|qwen35_27b,full; isolated sensitivity,all valid; completed; <=4096 sensitivity,prompt-disjoint; family portability diagnostic,True,Same production judge in both modes; disagreement is not validity.,fig6,06_context,cab9eef0f3432e440bbbbea9d2fa2cacd3295a718fdfa45b346676e4559f6838,90bad30c8a3e0a1e0860969bc84a133e99bd170a
RQ6_ADAPT,RQ6,07_adaptive_differentiation,"All reasoning models differentiate domains beyond prompt-composition variability, but a universal capability/scale relationship is not established.",partially_supported,stage-specific effect,5.43192338404244,,,,,24416,math|code|gpqa|planning|moral|idea|safety|security,anchor|reasoner|gemma4_e4b|gemma4_31b|qwen35_4b|qwen35_9b|qwen35_27b,full; isolated sensitivity,all valid; completed; <=4096 sensitivity,prompt-disjoint; family portability diagnostic,True,"Within-domain variability is prompt composition, not decoding variance; Qwen and Gemma scale patterns differ.",fig7; fig8,07_adaptive_differentiation,cab9eef0f3432e440bbbbea9d2fa2cacd3295a718fdfa45b346676e4559f6838,90bad30c8a3e0a1e0860969bc84a133e99bd170a
RQ7_KLINE,RQ7,08_kline,The K-line-inspired interpretation gate does not pass.,not_supported,stage-specific effect,0.08543367234572245,,,,,24416,math|code|gpqa|planning|moral|idea|safety|security,anchor|reasoner|gemma4_e4b|gemma4_31b|qwen35_4b|qwen35_9b|qwen35_27b,full; isolated sensitivity,all valid; completed; <=4096 sensitivity,prompt-disjoint; family portability diagnostic,False,Visible coalition recurrence is not memory retrieval.,fig9,08_kline,cab9eef0f3432e440bbbbea9d2fa2cacd3295a718fdfa45b346676e4559f6838,90bad30c8a3e0a1e0860969bc84a133e99bd170a
RQ8_DOMAIN_SIGNATURE,RQ8,09_signatures,"Within every reasoning model, both signature families distinguish held-out domains; localization supports amount differences in 294 of 336 domain-pair cells and identifies the behaviors carrying that signal.",supported,stage-specific effect,0.756267979746989,,,,,18624,math|code|gpqa|planning|moral|idea|safety|security,anchor|reasoner|gemma4_e4b|gemma4_31b|qwen35_4b|qwen35_9b|qwen35_27b,full; isolated sensitivity,all valid; completed; <=4096 sensitivity,prompt-disjoint; family portability diagnostic,True,Pairwise and Shapley results allocate predictive information; they are not causal or latent-cognition claims.,fig10; fig13; fig14; fig15; modal paths,09_signatures,cab9eef0f3432e440bbbbea9d2fa2cacd3295a718fdfa45b346676e4559f6838,90bad30c8a3e0a1e0860969bc84a133e99bd170a
RQ9_QUALITY_SIGNATURE,RQ9,09_signatures,"A high-versus-low sensitivity finds 2 cells, but the stricter native-outcome specification supports 0 amount and 0 timing cells.",partially_supported,stage-specific effect,0.002608597578997638,,,,,18624,math|code|gpqa|planning|moral|idea|safety|security,anchor|reasoner|gemma4_e4b|gemma4_31b|qwen35_4b|qwen35_9b|qwen35_27b,full; isolated sensitivity,all valid; completed; <=4096 sensitivity,prompt-disjoint; family portability diagnostic,True,The sensitivity findings are not confirmed with native outcomes; only 45 incomplete traces have usable labels.,fig11; fig12; fig16; fig17; quality modal paths,09_signatures,cab9eef0f3432e440bbbbea9d2fa2cacd3295a718fdfa45b346676e4559f6838,90bad30c8a3e0a1e0860969bc84a133e99bd170a
